,departamento,fecha,ocio_y_recreacion,supermercados_y_farmcias,parques,transporte,lugares_de_trabajo,zonas_residenciales
58537,Capital Department,2020-02-15,10.0,2.0,8.0,8.0,1.0,1.0
58538,Capital Department,2020-02-16,10.0,2.0,14.0,4.0,-6.0,1.0
58539,Capital Department,2020-02-17,12.0,3.0,10.0,18.0,20.0,-1.0
58540,Capital Department,2020-02-18,12.0,4.0,9.0,19.0,19.0,-1.0
58541,Capital Department,2020-02-19,13.0,4.0,15.0,17.0,19.0,-1.0
58542,Capital Department,2020-02-20,11.0,2.0,9.0,17.0,19.0,-1.0
58543,Capital Department,2020-02-21,17.0,4.0,17.0,26.0,19.0,-2.0
58544,Capital Department,2020-02-22,25.0,20.0,14.0,17.0,3.0,0.0
58545,Capital Department,2020-02-23,18.0,12.0,12.0,4.0,-3.0,0.0
58546,Capital Department,2020-02-24,-35.0,-32.0,-6.0,-40.0,-60.0,6.0
58547,Capital Department,2020-02-25,-32.0,-25.0,-4.0,-33.0,-56.0,7.0
58548,Capital Department,2020-02-26,14.0,6.0,21.0,19.0,26.0,-2.0
58549,Capital Department,2020-02-27,7.0,1.0,17.0,17.0,26.0,-1.0
58550,Capital Department,2020-02-28,12.0,3.0,24.0,18.0,27.0,-2.0
58551,Capital Department,2020-02-29,16.0,14.0,10.0,8.0,5.0,2.0
58552,Capital Department,2020-03-01,2.0,7.0,2.0,-1.0,-5.0,3.0
58553,Capital Department,2020-03-02,12.0,8.0,15.0,21.0,33.0,-3.0
58554,Capital Department,2020-03-03,7.0,4.0,23.0,20.0,32.0,-2.0
58555,Capital Department,2020-03-04,6.0,1.0,27.0,19.0,32.0,-2.0
58556,Capital Department,2020-03-05,31.0,6.0,59.0,28.0,31.0,-3.0
58557,Capital Department,2020-03-06,21.0,5.0,25.0,29.0,30.0,-2.0
58558,Capital Department,2020-03-07,20.0,11.0,28.0,13.0,2.0,2.0
58559,Capital Department,2020-03-08,41.0,28.0,36.0,13.0,-4.0,2.0
58560,Capital Department,2020-03-09,25.0,14.0,27.0,27.0,31.0,-3.0
58561,Capital Department,2020-03-10,9.0,14.0,11.0,24.0,31.0,-2.0
58562,Capital Department,2020-03-11,8.0,5.0,8.0,23.0,31.0,-2.0
58563,Capital Department,2020-03-12,2.0,9.0,7.0,18.0,31.0,-1.0
58564,Capital Department,2020-03-13,2.0,12.0,8.0,18.0,30.0,-1.0
58565,Capital Department,2020-03-14,0.0,20.0,-7.0,4.0,2.0,4.0
58566,Capital Department,2020-03-15,-17.0,30.0,-11.0,-12.0,-8.0,6.0
58567,Capital Department,2020-03-16,-25.0,5.0,-27.0,-20.0,3.0,8.0
58568,Capital Department,2020-03-17,-40.0,-12.0,-47.0,-31.0,-10.0,12.0
58569,Capital Department,2020-03-18,-47.0,-20.0,-53.0,-40.0,-18.0,15.0
58570,Capital Department,2020-03-19,-54.0,-12.0,-57.0,-47.0,-26.0,15.0
58571,Capital Department,2020-03-20,-89.0,-58.0,-86.0,-76.0,-63.0,33.0
58572,Capital Department,2020-03-21,-92.0,-61.0,-90.0,-82.0,-61.0,32.0
58573,Capital Department,2020-03-22,-91.0,-66.0,-92.0,-84.0,-62.0,
58574,Capital Department,2020-03-23,-95.0,-76.0,-94.0,-90.0,-83.0,33.0
58575,Capital Department,2020-03-24,-95.0,-76.0,-94.0,-90.0,-83.0,35.0
58576,Capital Department,2020-03-25,-93.0,-67.0,-91.0,-84.0,-71.0,33.0
58577,Capital Department,2020-03-26,-92.0,-64.0,-89.0,-83.0,-71.0,34.0
58578,Capital Department,2020-03-27,-90.0,-61.0,-86.0,-80.0,-70.0,36.0
58579,Capital Department,2020-03-28,-91.0,-61.0,-87.0,-81.0,-63.0,32.0
58580,Capital Department,2020-03-29,-89.0,-59.0,-90.0,-83.0,-59.0,30.0
58581,Capital Department,2020-03-30,-91.0,-62.0,-87.0,-82.0,-70.0,29.0
58582,Capital Department,2020-03-31,-93.0,-70.0,-90.0,-87.0,-82.0,34.0
58583,Capital Department,2020-04-01,-89.0,-57.0,-86.0,-80.0,-68.0,32.0
58584,Capital Department,2020-04-02,-89.0,-58.0,-87.0,-79.0,-68.0,32.0
58585,Capital Department,2020-04-03,-88.0,-56.0,-84.0,-76.0,-66.0,35.0
58586,Capital Department,2020-04-04,-89.0,-56.0,-86.0,-77.0,-58.0,31.0
58587,Capital Department,2020-04-05,-88.0,-54.0,-89.0,-80.0,-57.0,29.0
58588,Capital Department,2020-04-06,-88.0,-56.0,-81.0,-75.0,-64.0,28.0
58589,Capital Department,2020-04-07,-92.0,-50.0,-76.0,-74.0,-65.0,29.0
58590,Capital Department,2020-04-08,-91.0,-48.0,-75.0,-72.0,-64.0,29.0
58591,Capital Department,2020-04-09,-92.0,-49.0,-81.0,-77.0,-71.0,32.0
58592,Capital Department,2020-04-10,-96.0,-74.0,-91.0,-88.0,-83.0,40.0
58593,Capital Department,2020-04-11,-92.0,-50.0,-85.0,-75.0,-56.0,31.0
58594,Capital Department,2020-04-12,-91.0,-55.0,-89.0,-80.0,-55.0,28.0
58595,Capital Department,2020-04-13,-90.0,-51.0,-69.0,-71.0,-59.0,27.0
58596,Capital Department,2020-04-14,-90.0,-48.0,-71.0,-69.0,-60.0,28.0
58597,Capital Department,2020-04-15,-90.0,-49.0,-74.0,-70.0,-58.0,29.0
58598,Capital Department,2020-04-16,-91.0,-47.0,-99.0,-67.0,-60.0,30.0
58599,Capital Department,2020-04-17,-91.0,-47.0,-98.0,-67.0,-57.0,33.0
58600,Capital Department,2020-04-18,-92.0,-50.0,-99.0,-71.0,-52.0,30.0
58601,Capital Department,2020-04-19,-91.0,-52.0,-99.0,-78.0,-53.0,28.0
58602,Capital Department,2020-04-20,-90.0,-49.0,-99.0,-67.0,-56.0,26.0
58603,Capital Department,2020-04-21,-90.0,-48.0,-98.0,-68.0,-56.0,28.0
58604,Capital Department,2020-04-22,-90.0,-46.0,-99.0,-66.0,-56.0,28.0
58605,Capital Department,2020-04-23,-90.0,-48.0,-99.0,-66.0,-56.0,29.0
58606,Capital Department,2020-04-24,-90.0,-46.0,-99.0,-65.0,-54.0,31.0
58607,Capital Department,2020-04-25,-91.0,-46.0,-98.0,-70.0,-48.0,28.0
58608,Capital Department,2020-04-26,-91.0,-52.0,-99.0,-76.0,-50.0,27.0
58609,Capital Department,2020-04-27,-89.0,-49.0,-98.0,-66.0,-52.0,25.0
58610,Capital Department,2020-04-28,-89.0,-48.0,-98.0,-64.0,-53.0,26.0
58611,Capital Department,2020-04-29,-88.0,-45.0,-98.0,-65.0,-51.0,27.0
58612,Capital Department,2020-04-30,-84.0,-35.0,-98.0,-62.0,-50.0,26.0
58613,Capital Department,2020-05-01,-95.0,-91.0,-99.0,-86.0,-80.0,38.0
58614,Capital Department,2020-05-02,-87.0,-46.0,-98.0,-68.0,-43.0,27.0
58615,Capital Department,2020-05-03,-87.0,-39.0,-98.0,-73.0,-45.0,25.0
58616,Capital Department,2020-05-04,-84.0,-43.0,-98.0,-63.0,-48.0,23.0
58617,Capital Department,2020-05-05,-84.0,-40.0,-98.0,-63.0,-49.0,25.0
58618,Capital Department,2020-05-06,-84.0,-42.0,-98.0,-62.0,-46.0,25.0
58619,Capital Department,2020-05-07,-83.0,-39.0,-98.0,-61.0,-47.0,26.0
58620,Capital Department,2020-05-08,-82.0,-39.0,-98.0,-60.0,-44.0,28.0
58621,Capital Department,2020-05-09,-84.0,-40.0,-98.0,-62.0,-37.0,25.0
58622,Capital Department,2020-05-10,-86.0,-39.0,-98.0,-68.0,-37.0,23.0
58623,Capital Department,2020-05-11,-81.0,-44.0,-98.0,-59.0,-41.0,22.0
58624,Capital Department,2020-05-12,-80.0,-37.0,-98.0,-56.0,-41.0,23.0
58625,Capital Department,2020-05-13,-78.0,-35.0,-98.0,-56.0,-39.0,23.0
58626,Capital Department,2020-05-14,-76.0,-33.0,-98.0,-54.0,-38.0,24.0
58627,Capital Department,2020-05-15,-74.0,-29.0,-98.0,-50.0,-35.0,25.0
58628,Capital Department,2020-05-16,-76.0,-29.0,-98.0,-52.0,-29.0,23.0
58629,Capital Department,2020-05-17,-83.0,-38.0,-98.0,-66.0,-32.0,22.0
58630,Capital Department,2020-05-18,-72.0,-35.0,-98.0,-51.0,-33.0,20.0
58631,Capital Department,2020-05-19,-71.0,-27.0,-98.0,-47.0,-34.0,21.0
58632,Capital Department,2020-05-20,-72.0,-31.0,-98.0,-50.0,-34.0,22.0
58633,Capital Department,2020-05-21,-74.0,-33.0,-98.0,-55.0,-35.0,24.0
58634,Capital Department,2020-05-22,-72.0,-27.0,-98.0,-50.0,-31.0,24.0
58635,Capital Department,2020-05-23,-70.0,-18.0,-98.0,-45.0,-20.0,20.0
58636,Capital Department,2020-05-24,-79.0,-27.0,-97.0,-58.0,-18.0,15.0
58637,Capital Department,2020-05-25,-91.0,-68.0,-98.0,-77.0,-69.0,20.0
58638,Capital Department,2020-05-26,-70.0,-31.0,-98.0,-48.0,-30.0,20.0
58639,Capital Department,2020-05-27,-67.0,-24.0,-97.0,-44.0,-28.0,21.0
58640,Capital Department,2020-05-28,-66.0,-25.0,-97.0,-45.0,-29.0,21.0
58641,Capital Department,2020-05-29,-63.0,-21.0,-98.0,-42.0,-26.0,22.0
58642,Capital Department,2020-05-30,-64.0,-19.0,-98.0,-44.0,-15.0,18.0
58643,Capital Department,2020-05-31,-74.0,-31.0,-97.0,-55.0,-14.0,16.0
58644,Capital Department,2020-06-01,-65.0,-31.0,-98.0,-47.0,-26.0,19.0
58645,Capital Department,2020-06-02,-62.0,-20.0,-98.0,-43.0,-25.0,19.0
58646,Capital Department,2020-06-03,-71.0,-37.0,-99.0,-57.0,-29.0,23.0
58647,Capital Department,2020-06-04,-64.0,-22.0,-98.0,-45.0,-26.0,21.0
58648,Capital Department,2020-06-05,-57.0,-10.0,-97.0,-44.0,-23.0,21.0
58649,Capital Department,2020-06-06,-53.0,-4.0,-97.0,-40.0,-13.0,16.0
58650,Capital Department,2020-06-07,-66.0,-23.0,-96.0,-53.0,-8.0,14.0
58651,Capital Department,2020-06-08,-56.0,-19.0,-97.0,-47.0,-23.0,17.0
58652,Capital Department,2020-06-09,-46.0,6.0,-97.0,-38.0,-21.0,16.0
58653,Capital Department,2020-06-10,-47.0,2.0,-97.0,-38.0,-21.0,17.0
58654,Capital Department,2020-06-11,-50.0,-6.0,-97.0,-42.0,-22.0,18.0
58655,Capital Department,2020-06-12,-44.0,4.0,-97.0,-36.0,-18.0,17.0
58656,Capital Department,2020-06-13,-39.0,14.0,-96.0,-29.0,-8.0,13.0
58657,Capital Department,2020-06-14,-60.0,-14.0,-94.0,-49.0,-6.0,12.0
58658,Capital Department,2020-06-15,-77.0,-48.0,-95.0,-69.0,-63.0,19.0
58659,Capital Department,2020-06-16,-43.0,5.0,-96.0,-35.0,-19.0,15.0
58660,Capital Department,2020-06-17,-44.0,3.0,-96.0,-38.0,-20.0,17.0
58661,Capital Department,2020-06-18,-56.0,-16.0,-95.0,-46.0,-23.0,19.0
58662,Capital Department,2020-06-19,-50.0,-2.0,-94.0,-40.0,-19.0,19.0
58663,Capital Department,2020-06-20,-51.0,1.0,-94.0,-41.0,-18.0,17.0
58664,Capital Department,2020-06-21,-67.0,-35.0,-95.0,-53.0,10.0,10.0
58665,Capital Department,2020-06-22,-58.0,-27.0,-95.0,-49.0,-23.0,17.0
58666,Capital Department,2020-06-23,-55.0,-16.0,-94.0,-44.0,-24.0,17.0
58667,Capital Department,2020-06-24,-58.0,-23.0,-96.0,-51.0,-23.0,20.0
58668,Capital Department,2020-06-25,-56.0,-18.0,-94.0,-46.0,-22.0,19.0
58669,Capital Department,2020-06-26,-53.0,-15.0,-94.0,-44.0,-18.0,20.0
58670,Capital Department,2020-06-27,-51.0,-10.0,-93.0,-42.0,-12.0,17.0
58671,Capital Department,2020-06-28,-69.0,-33.0,-96.0,-60.0,-12.0,17.0
58672,Capital Department,2020-06-29,-55.0,-25.0,-84.0,-50.0,-21.0,17.0
58673,Capital Department,2020-06-30,-50.0,-12.0,-68.0,-45.0,-21.0,17.0
58674,Capital Department,2020-07-01,-49.0,-13.0,-69.0,-46.0,-20.0,17.0
58675,Capital Department,2020-07-02,-50.0,-9.0,-67.0,-44.0,-20.0,18.0
58676,Capital Department,2020-07-03,-48.0,-10.0,-68.0,-43.0,-18.0,18.0
58677,Capital Department,2020-07-04,-53.0,-17.0,-78.0,-50.0,-12.0,17.0
58678,Capital Department,2020-07-05,-62.0,-27.0,-73.0,-55.0,-7.0,14.0
58679,Capital Department,2020-07-06,-54.0,-22.0,-73.0,-51.0,-22.0,17.0
58680,Capital Department,2020-07-07,-47.0,-6.0,-67.0,-42.0,-19.0,16.0
58681,Capital Department,2020-07-08,-44.0,-2.0,-65.0,-42.0,-18.0,16.0
58682,Capital Department,2020-07-09,-78.0,-54.0,-83.0,-73.0,-63.0,25.0
58683,Capital Department,2020-07-10,-66.0,-33.0,-78.0,-62.0,-53.0,25.0
58684,Capital Department,2020-07-11,-45.0,-4.0,-66.0,-41.0,-11.0,17.0
58685,Capital Department,2020-07-12,-64.0,-34.0,-73.0,-55.0,-4.0,13.0
58686,Capital Department,2020-07-13,-51.0,-18.0,-69.0,-48.0,-21.0,16.0
58687,Capital Department,2020-07-14,-46.0,-5.0,-63.0,-42.0,-21.0,16.0
58688,Capital Department,2020-07-15,-47.0,-11.0,-59.0,-45.0,-20.0,16.0
58689,Capital Department,2020-07-16,-48.0,-10.0,-59.0,-45.0,-21.0,17.0
58690,Capital Department,2020-07-17,-47.0,-8.0,-61.0,-44.0,-19.0,18.0
58691,Capital Department,2020-07-18,-47.0,-11.0,-64.0,-44.0,-9.0,16.0
58692,Capital Department,2020-07-19,-58.0,-28.0,-65.0,-54.0,-3.0,13.0
58693,Capital Department,2020-07-20,-48.0,-23.0,-65.0,-48.0,-20.0,13.0
58694,Capital Department,2020-07-21,-55.0,-22.0,-69.0,-51.0,-25.0,18.0
58695,Capital Department,2020-07-22,-58.0,-28.0,-73.0,-55.0,-25.0,20.0
58696,Capital Department,2020-07-23,-56.0,-19.0,-67.0,-51.0,-25.0,20.0
58697,Capital Department,2020-07-24,-53.0,-19.0,-65.0,-49.0,-21.0,20.0
58698,Capital Department,2020-07-25,-58.0,-21.0,-68.0,-52.0,-23.0,19.0
58699,Capital Department,2020-07-26,-62.0,-29.0,-63.0,-58.0,-7.0,15.0
58700,Capital Department,2020-07-27,-52.0,-22.0,-63.0,-50.0,-24.0,17.0
58701,Capital Department,2020-07-28,-50.0,-13.0,-62.0,-48.0,-24.0,17.0
58702,Capital Department,2020-07-29,-51.0,-19.0,-62.0,-48.0,-23.0,18.0
58703,Capital Department,2020-07-30,-53.0,-18.0,-63.0,-49.0,-24.0,18.0
58704,Capital Department,2020-07-31,-50.0,-14.0,-61.0,-46.0,-21.0,19.0
58705,Capital Department,2020-08-01,-48.0,-7.0,-60.0,-45.0,-10.0,16.0
58706,Capital Department,2020-08-02,-59.0,-27.0,-61.0,-57.0,-6.0,13.0
58707,Capital Department,2020-08-03,-52.0,-19.0,-59.0,-49.0,-23.0,16.0
58708,Capital Department,2020-08-04,-52.0,-13.0,-58.0,-49.0,-24.0,17.0
58709,Capital Department,2020-08-05,-51.0,-14.0,-57.0,-49.0,-22.0,18.0
58710,Capital Department,2020-08-06,-54.0,-16.0,-63.0,-51.0,-25.0,19.0
58711,Capital Department,2020-08-07,-52.0,-16.0,-59.0,-49.0,-21.0,19.0
58712,Capital Department,2020-08-08,-49.0,-8.0,-60.0,-46.0,-11.0,17.0
58713,Capital Department,2020-08-09,-60.0,-27.0,-57.0,-59.0,-12.0,16.0
58714,Capital Department,2020-08-10,-50.0,-15.0,-55.0,-48.0,-23.0,16.0
58715,Capital Department,2020-08-11,-48.0,-7.0,-58.0,-48.0,-24.0,17.0
58716,Capital Department,2020-08-12,-45.0,-5.0,-57.0,-46.0,-23.0,17.0
58717,Capital Department,2020-08-13,-47.0,-3.0,-57.0,-47.0,-22.0,18.0
58718,Capital Department,2020-08-14,-46.0,4.0,-56.0,-43.0,-20.0,19.0
58719,Capital Department,2020-08-15,-42.0,11.0,-58.0,-38.0,-7.0,15.0
58720,Capital Department,2020-08-16,-57.0,-23.0,-63.0,-55.0,-2.0,14.0
58721,Capital Department,2020-08-17,-77.0,-59.0,-64.0,-74.0,-66.0,21.0
58722,Capital Department,2020-08-18,-56.0,-18.0,-61.0,-49.0,-24.0,17.0
58723,Capital Department,2020-08-19,-56.0,-22.0,-67.0,-53.0,-25.0,20.0
58724,Capital Department,2020-08-20,-56.0,-19.0,-60.0,-50.0,-24.0,19.0
58725,Capital Department,2020-08-21,-53.0,-16.0,-58.0,-48.0,-21.0,19.0
58726,Capital Department,2020-08-22,-51.0,-12.0,-57.0,-46.0,-8.0,17.0
58727,Capital Department,2020-08-23,-62.0,-29.0,-57.0,-59.0,-9.0,15.0
58728,Capital Department,2020-08-24,-55.0,-22.0,-56.0,-49.0,-22.0,16.0
58729,Capital Department,2020-08-25,-52.0,-15.0,-57.0,-47.0,-23.0,17.0
58730,Capital Department,2020-08-26,-55.0,-21.0,-63.0,-52.0,-24.0,19.0
58731,Capital Department,2020-08-27,-55.0,-18.0,-56.0,-50.0,-23.0,18.0
58732,Capital Department,2020-08-28,-52.0,-17.0,-59.0,-47.0,-21.0,19.0
58733,Capital Department,2020-08-29,-50.0,-9.0,-61.0,-48.0,-11.0,17.0
58734,Capital Department,2020-08-30,-59.0,-25.0,-58.0,-60.0,-15.0,16.0
58735,Capital Department,2020-08-31,-53.0,-17.0,-55.0,-51.0,-24.0,16.0
58736,Capital Department,2020-09-01,-54.0,-12.0,-59.0,-50.0,-27.0,18.0
58737,Capital Department,2020-09-02,-54.0,-17.0,-56.0,-52.0,-27.0,19.0
58738,Capital Department,2020-09-03,-57.0,-17.0,-58.0,-52.0,-28.0,20.0
58739,Capital Department,2020-09-04,-55.0,-16.0,-59.0,-50.0,-27.0,21.0
58740,Capital Department,2020-09-05,-54.0,-9.0,-63.0,-52.0,-16.0,18.0
58741,Capital Department,2020-09-06,-63.0,-25.0,-65.0,-63.0,-21.0,18.0
58947,Godoy Cruz Department,2020-02-15,9.0,2.0,0.0,5.0,2.0,0.0
58948,Godoy Cruz Department,2020-02-16,-1.0,0.0,5.0,7.0,-3.0,1.0
58949,Godoy Cruz Department,2020-02-17,3.0,5.0,8.0,11.0,17.0,-1.0
58950,Godoy Cruz Department,2020-02-18,1.0,-1.0,4.0,10.0,18.0,-1.0
58951,Godoy Cruz Department,2020-02-19,0.0,4.0,3.0,12.0,19.0,-1.0
58952,Godoy Cruz Department,2020-02-20,2.0,0.0,0.0,11.0,17.0,-1.0
58953,Godoy Cruz Department,2020-02-21,5.0,3.0,-1.0,13.0,16.0,-2.0
58954,Godoy Cruz Department,2020-02-22,8.0,8.0,7.0,7.0,0.0,0.0
58955,Godoy Cruz Department,2020-02-23,8.0,4.0,20.0,11.0,-3.0,0.0
58956,Godoy Cruz Department,2020-02-24,-13.0,-9.0,-19.0,-22.0,-59.0,6.0
58957,Godoy Cruz Department,2020-02-25,-18.0,-7.0,-25.0,-24.0,-55.0,8.0
58958,Godoy Cruz Department,2020-02-26,-2.0,7.0,14.0,11.0,27.0,-3.0
58959,Godoy Cruz Department,2020-02-27,-3.0,1.0,7.0,10.0,25.0,-1.0
58960,Godoy Cruz Department,2020-02-28,4.0,2.0,10.0,10.0,27.0,-2.0
58961,Godoy Cruz Department,2020-02-29,12.0,11.0,5.0,5.0,4.0,2.0
58962,Godoy Cruz Department,2020-03-01,8.0,12.0,11.0,7.0,-2.0,3.0
58963,Godoy Cruz Department,2020-03-02,4.0,9.0,29.0,20.0,33.0,-4.0
58964,Godoy Cruz Department,2020-03-03,-1.0,3.0,8.0,14.0,34.0,-2.0
58965,Godoy Cruz Department,2020-03-04,-3.0,1.0,9.0,13.0,34.0,-3.0
58966,Godoy Cruz Department,2020-03-05,-1.0,0.0,74.0,14.0,31.0,-3.0
58967,Godoy Cruz Department,2020-03-06,9.0,2.0,12.0,16.0,32.0,-3.0
58968,Godoy Cruz Department,2020-03-07,9.0,11.0,5.0,9.0,4.0,2.0
58969,Godoy Cruz Department,2020-03-08,13.0,16.0,18.0,16.0,0.0,2.0
58970,Godoy Cruz Department,2020-03-09,5.0,14.0,35.0,28.0,30.0,-4.0
58971,Godoy Cruz Department,2020-03-10,1.0,7.0,16.0,20.0,33.0,-3.0
58972,Godoy Cruz Department,2020-03-11,-3.0,5.0,12.0,19.0,34.0,-3.0
58973,Godoy Cruz Department,2020-03-12,-5.0,11.0,11.0,17.0,31.0,-2.0
58974,Godoy Cruz Department,2020-03-13,-2.0,14.0,13.0,18.0,32.0,-2.0
58975,Godoy Cruz Department,2020-03-14,2.0,27.0,-1.0,7.0,4.0,4.0
58976,Godoy Cruz Department,2020-03-15,-14.0,32.0,-1.0,3.0,-5.0,6.0
58977,Godoy Cruz Department,2020-03-16,-20.0,18.0,-8.0,-9.0,5.0,6.0
58978,Godoy Cruz Department,2020-03-17,-33.0,-3.0,-32.0,-21.0,-7.0,11.0
58979,Godoy Cruz Department,2020-03-18,-39.0,-7.0,-34.0,-27.0,-14.0,14.0
58980,Godoy Cruz Department,2020-03-19,-38.0,5.0,-32.0,-23.0,-22.0,13.0
58981,Godoy Cruz Department,2020-03-20,-79.0,-42.0,-71.0,-59.0,-58.0,31.0
58982,Godoy Cruz Department,2020-03-21,-82.0,-47.0,-78.0,-65.0,-56.0,30.0
58983,Godoy Cruz Department,2020-03-22,-89.0,-65.0,-83.0,-72.0,-59.0,30.0
58984,Godoy Cruz Department,2020-03-23,-88.0,-64.0,-85.0,-76.0,-80.0,32.0
58985,Godoy Cruz Department,2020-03-24,-90.0,-66.0,-87.0,-78.0,-82.0,34.0
58986,Godoy Cruz Department,2020-03-25,-84.0,-53.0,-80.0,-70.0,-67.0,31.0
58987,Godoy Cruz Department,2020-03-26,-81.0,-53.0,-75.0,-66.0,-67.0,32.0
58988,Godoy Cruz Department,2020-03-27,-80.0,-47.0,-70.0,-63.0,-65.0,34.0
58989,Godoy Cruz Department,2020-03-28,-79.0,-46.0,-71.0,-64.0,-57.0,30.0
58990,Godoy Cruz Department,2020-03-29,-87.0,-60.0,-76.0,-68.0,-55.0,30.0
58991,Godoy Cruz Department,2020-03-30,-78.0,-48.0,-68.0,-63.0,-66.0,28.0
58992,Godoy Cruz Department,2020-03-31,-87.0,-59.0,-76.0,-72.0,-79.0,33.0
58993,Godoy Cruz Department,2020-04-01,-78.0,-44.0,-70.0,-64.0,-62.0,29.0
58994,Godoy Cruz Department,2020-04-02,-77.0,-44.0,-66.0,-62.0,-64.0,30.0
58995,Godoy Cruz Department,2020-04-03,-76.0,-43.0,-59.0,-59.0,-62.0,33.0
58996,Godoy Cruz Department,2020-04-04,-75.0,-37.0,-67.0,-59.0,-52.0,30.0
58997,Godoy Cruz Department,2020-04-05,-82.0,-51.0,-68.0,-63.0,-52.0,29.0
58998,Godoy Cruz Department,2020-04-06,-71.0,-38.0,-56.0,-54.0,-59.0,26.0
58999,Godoy Cruz Department,2020-04-07,-84.0,-32.0,-58.0,-54.0,-59.0,27.0
59000,Godoy Cruz Department,2020-04-08,-83.0,-27.0,-58.0,-49.0,-57.0,27.0
59001,Godoy Cruz Department,2020-04-09,-84.0,-30.0,-65.0,-52.0,-65.0,29.0
59002,Godoy Cruz Department,2020-04-10,-91.0,-63.0,-83.0,-73.0,-80.0,39.0
59003,Godoy Cruz Department,2020-04-11,-83.0,-27.0,-68.0,-53.0,-51.0,29.0
59004,Godoy Cruz Department,2020-04-12,-86.0,-52.0,-74.0,-60.0,-50.0,28.0
59005,Godoy Cruz Department,2020-04-13,-81.0,-35.0,-51.0,-49.0,-53.0,25.0
59006,Godoy Cruz Department,2020-04-14,-82.0,-32.0,-56.0,-47.0,-54.0,26.0
59007,Godoy Cruz Department,2020-04-15,-82.0,-31.0,-59.0,-49.0,-53.0,27.0
59008,Godoy Cruz Department,2020-04-16,-82.0,-31.0,-90.0,-44.0,-53.0,28.0
59009,Godoy Cruz Department,2020-04-17,-81.0,-30.0,-90.0,-43.0,-52.0,30.0
59010,Godoy Cruz Department,2020-04-18,-83.0,-28.0,-91.0,-46.0,-44.0,28.0
59011,Godoy Cruz Department,2020-04-19,-85.0,-48.0,-93.0,-56.0,-46.0,28.0
59012,Godoy Cruz Department,2020-04-20,-80.0,-34.0,-89.0,-42.0,-50.0,24.0
59013,Godoy Cruz Department,2020-04-21,-80.0,-32.0,-89.0,-43.0,-50.0,26.0
59014,Godoy Cruz Department,2020-04-22,-81.0,-28.0,-89.0,-43.0,-49.0,26.0
59015,Godoy Cruz Department,2020-04-23,-80.0,-32.0,-89.0,-44.0,-49.0,27.0
59016,Godoy Cruz Department,2020-04-24,-80.0,-29.0,-89.0,-39.0,-48.0,29.0
59017,Godoy Cruz Department,2020-04-25,-80.0,-25.0,-90.0,-43.0,-41.0,27.0
59018,Godoy Cruz Department,2020-04-26,-83.0,-46.0,-94.0,-55.0,-44.0,27.0
59019,Godoy Cruz Department,2020-04-27,-77.0,-34.0,-88.0,-41.0,-46.0,23.0
59020,Godoy Cruz Department,2020-04-28,-78.0,-35.0,-89.0,-40.0,-45.0,24.0
59021,Godoy Cruz Department,2020-04-29,-77.0,-30.0,-87.0,-38.0,-44.0,25.0
59022,Godoy Cruz Department,2020-04-30,-68.0,-15.0,-86.0,-33.0,-43.0,23.0
59023,Godoy Cruz Department,2020-05-01,-91.0,-82.0,-95.0,-68.0,-78.0,36.0
59024,Godoy Cruz Department,2020-05-02,-71.0,-27.0,-89.0,-39.0,-36.0,26.0
59025,Godoy Cruz Department,2020-05-03,-77.0,-35.0,-91.0,-47.0,-39.0,25.0
59026,Godoy Cruz Department,2020-05-04,-67.0,-27.0,-86.0,-34.0,-41.0,21.0
59027,Godoy Cruz Department,2020-05-05,-69.0,-27.0,-88.0,-39.0,-42.0,23.0
59028,Godoy Cruz Department,2020-05-06,-69.0,-24.0,-87.0,-34.0,-41.0,23.0
59029,Godoy Cruz Department,2020-05-07,-67.0,-24.0,-87.0,-34.0,-41.0,24.0
59030,Godoy Cruz Department,2020-05-08,-66.0,-20.0,-86.0,-31.0,-39.0,25.0
59031,Godoy Cruz Department,2020-05-09,-67.0,-16.0,-87.0,-31.0,-29.0,24.0
59032,Godoy Cruz Department,2020-05-10,-76.0,-33.0,-90.0,-37.0,-32.0,23.0
59033,Godoy Cruz Department,2020-05-11,-64.0,-28.0,-85.0,-31.0,-35.0,20.0
59034,Godoy Cruz Department,2020-05-12,-64.0,-23.0,-85.0,-28.0,-35.0,21.0
59035,Godoy Cruz Department,2020-05-13,-61.0,-25.0,-85.0,-32.0,-33.0,21.0
59036,Godoy Cruz Department,2020-05-14,-60.0,-25.0,-87.0,-31.0,-34.0,22.0
59037,Godoy Cruz Department,2020-05-15,-59.0,-21.0,-85.0,-28.0,-30.0,23.0
59038,Godoy Cruz Department,2020-05-16,-60.0,-17.0,-85.0,-28.0,-24.0,22.0
59039,Godoy Cruz Department,2020-05-17,-70.0,-32.0,-90.0,-34.0,-28.0,22.0
59040,Godoy Cruz Department,2020-05-18,-55.0,-30.0,-82.0,-26.0,-28.0,18.0
59041,Godoy Cruz Department,2020-05-19,-56.0,-23.0,-85.0,-27.0,-27.0,19.0
59042,Godoy Cruz Department,2020-05-20,-57.0,-26.0,-86.0,-30.0,-27.0,20.0
59043,Godoy Cruz Department,2020-05-21,-61.0,-30.0,-88.0,-39.0,-31.0,22.0
59044,Godoy Cruz Department,2020-05-22,-57.0,-21.0,-86.0,-30.0,-26.0,23.0
59045,Godoy Cruz Department,2020-05-23,-55.0,-10.0,-84.0,-19.0,-14.0,19.0
59046,Godoy Cruz Department,2020-05-24,-62.0,-21.0,-87.0,-15.0,-14.0,15.0
59047,Godoy Cruz Department,2020-05-25,-73.0,-51.0,-90.0,-45.0,-66.0,20.0
59048,Godoy Cruz Department,2020-05-26,-56.0,-30.0,-86.0,-28.0,-24.0,19.0
59049,Godoy Cruz Department,2020-05-27,-54.0,-23.0,-84.0,-25.0,-23.0,19.0
59050,Godoy Cruz Department,2020-05-28,-52.0,-21.0,-85.0,-24.0,-24.0,19.0
59051,Godoy Cruz Department,2020-05-29,-48.0,-20.0,-83.0,-20.0,-22.0,20.0
59052,Godoy Cruz Department,2020-05-30,-47.0,-14.0,-81.0,-19.0,-11.0,17.0
59053,Godoy Cruz Department,2020-05-31,-55.0,-27.0,-87.0,-20.0,-10.0,16.0
59054,Godoy Cruz Department,2020-06-01,-49.0,-28.0,-82.0,-24.0,-22.0,17.0
59055,Godoy Cruz Department,2020-06-02,-48.0,-21.0,-84.0,-21.0,-21.0,18.0
59056,Godoy Cruz Department,2020-06-03,-59.0,-34.0,-88.0,-40.0,-26.0,21.0
59057,Godoy Cruz Department,2020-06-04,-52.0,-23.0,-84.0,-24.0,-22.0,19.0
59058,Godoy Cruz Department,2020-06-05,-47.0,-19.0,-80.0,-19.0,-18.0,19.0
59059,Godoy Cruz Department,2020-06-06,-42.0,-11.0,-75.0,-12.0,-6.0,15.0
59060,Godoy Cruz Department,2020-06-07,-52.0,-24.0,-80.0,-16.0,-3.0,14.0
59061,Godoy Cruz Department,2020-06-08,-44.0,-28.0,-77.0,-19.0,-20.0,16.0
59062,Godoy Cruz Department,2020-06-09,-36.0,-10.0,-77.0,-15.0,-18.0,15.0
59063,Godoy Cruz Department,2020-06-10,-35.0,-11.0,-75.0,-15.0,-17.0,15.0
59064,Godoy Cruz Department,2020-06-11,-38.0,-15.0,-76.0,-18.0,-19.0,16.0
59065,Godoy Cruz Department,2020-06-12,-33.0,-7.0,-73.0,-11.0,-16.0,16.0
59066,Godoy Cruz Department,2020-06-13,-28.0,3.0,-70.0,-8.0,-3.0,12.0
59067,Godoy Cruz Department,2020-06-14,-39.0,-8.0,-75.0,-12.0,-2.0,12.0
59068,Godoy Cruz Department,2020-06-15,-51.0,-32.0,-78.0,-37.0,-61.0,19.0
59069,Godoy Cruz Department,2020-06-16,-35.0,-10.0,-74.0,-15.0,-16.0,14.0
59070,Godoy Cruz Department,2020-06-17,-36.0,-9.0,-74.0,-17.0,-16.0,15.0
59071,Godoy Cruz Department,2020-06-18,-44.0,-25.0,-78.0,-24.0,-19.0,17.0
59072,Godoy Cruz Department,2020-06-19,-38.0,-11.0,-76.0,-18.0,-16.0,18.0
59073,Godoy Cruz Department,2020-06-20,-40.0,-2.0,-74.0,-15.0,-19.0,17.0
59074,Godoy Cruz Department,2020-06-21,-50.0,-27.0,-79.0,-6.0,16.0,11.0
59075,Godoy Cruz Department,2020-06-22,-42.0,-31.0,-78.0,-23.0,-20.0,16.0
59076,Godoy Cruz Department,2020-06-23,-42.0,-22.0,-78.0,-22.0,-19.0,16.0
59077,Godoy Cruz Department,2020-06-24,-46.0,-29.0,-80.0,-30.0,-20.0,19.0
59078,Godoy Cruz Department,2020-06-25,-43.0,-24.0,-77.0,-22.0,-17.0,17.0
59079,Godoy Cruz Department,2020-06-26,-38.0,-18.0,-76.0,-17.0,-16.0,18.0
59080,Godoy Cruz Department,2020-06-27,-35.0,-14.0,-74.0,-12.0,-6.0,16.0
59081,Godoy Cruz Department,2020-06-28,-47.0,-29.0,-81.0,-26.0,-5.0,17.0
59082,Godoy Cruz Department,2020-06-29,-39.0,-29.0,-63.0,-25.0,-18.0,16.0
59083,Godoy Cruz Department,2020-06-30,-36.0,-22.0,-48.0,-25.0,-17.0,16.0
59084,Godoy Cruz Department,2020-07-01,-37.0,-21.0,-48.0,-26.0,-16.0,16.0
59085,Godoy Cruz Department,2020-07-02,-36.0,-20.0,-47.0,-24.0,-17.0,16.0
59086,Godoy Cruz Department,2020-07-03,-32.0,-18.0,-50.0,-22.0,-15.0,17.0
59087,Godoy Cruz Department,2020-07-04,-37.0,-17.0,-61.0,-31.0,-9.0,17.0
59088,Godoy Cruz Department,2020-07-05,-39.0,-24.0,-60.0,-22.0,-4.0,15.0
59089,Godoy Cruz Department,2020-07-06,-38.0,-25.0,-51.0,-33.0,-21.0,16.0
59090,Godoy Cruz Department,2020-07-07,-33.0,-15.0,-49.0,-23.0,-17.0,15.0
59091,Godoy Cruz Department,2020-07-08,-30.0,-14.0,-42.0,-21.0,-15.0,14.0
59092,Godoy Cruz Department,2020-07-09,-59.0,-38.0,-70.0,-45.0,-60.0,23.0
59093,Godoy Cruz Department,2020-07-10,-45.0,-29.0,-63.0,-36.0,-50.0,24.0
59094,Godoy Cruz Department,2020-07-11,-31.0,-13.0,-49.0,-22.0,-8.0,16.0
59095,Godoy Cruz Department,2020-07-12,-44.0,-28.0,-61.0,-21.0,1.0,14.0
59096,Godoy Cruz Department,2020-07-13,-33.0,-25.0,-44.0,-27.0,-20.0,15.0
59097,Godoy Cruz Department,2020-07-14,-31.0,-18.0,-43.0,-22.0,-18.0,15.0
59098,Godoy Cruz Department,2020-07-15,-33.0,-18.0,-39.0,-23.0,-16.0,15.0
59099,Godoy Cruz Department,2020-07-16,-32.0,-19.0,-43.0,-24.0,-18.0,15.0
59100,Godoy Cruz Department,2020-07-17,-31.0,-16.0,-42.0,-21.0,-17.0,17.0
59101,Godoy Cruz Department,2020-07-18,-31.0,-14.0,-47.0,-19.0,-6.0,16.0
59102,Godoy Cruz Department,2020-07-19,-38.0,-25.0,-54.0,-17.0,-1.0,14.0
59103,Godoy Cruz Department,2020-07-20,-28.0,-26.0,-42.0,-20.0,-16.0,12.0
59104,Godoy Cruz Department,2020-07-21,-41.0,-26.0,-54.0,-34.0,-21.0,17.0
59105,Godoy Cruz Department,2020-07-22,-45.0,-33.0,-58.0,-36.0,-22.0,18.0
59106,Godoy Cruz Department,2020-07-23,-41.0,-26.0,-52.0,-30.0,-21.0,18.0
59107,Godoy Cruz Department,2020-07-24,-37.0,-23.0,-49.0,-26.0,-17.0,18.0
59108,Godoy Cruz Department,2020-07-25,-42.0,-18.0,-52.0,-24.0,-19.0,18.0
59109,Godoy Cruz Department,2020-07-26,-42.0,-28.0,-56.0,-21.0,-4.0,15.0
59110,Godoy Cruz Department,2020-07-27,-33.0,-26.0,-43.0,-24.0,-21.0,15.0
59111,Godoy Cruz Department,2020-07-28,-36.0,-23.0,-47.0,-24.0,-20.0,16.0
59112,Godoy Cruz Department,2020-07-29,-35.0,-24.0,-45.0,-24.0,-19.0,16.0
59113,Godoy Cruz Department,2020-07-30,-37.0,-24.0,-50.0,-27.0,-21.0,17.0
59114,Godoy Cruz Department,2020-07-31,-33.0,-20.0,-45.0,-22.0,-18.0,17.0
59115,Godoy Cruz Department,2020-08-01,-31.0,-11.0,-48.0,-18.0,-6.0,16.0
59116,Godoy Cruz Department,2020-08-02,-40.0,-22.0,-56.0,-20.0,1.0,14.0
59117,Godoy Cruz Department,2020-08-03,-34.0,-24.0,-42.0,-23.0,-21.0,15.0
59118,Godoy Cruz Department,2020-08-04,-38.0,-21.0,-49.0,-25.0,-21.0,16.0
59119,Godoy Cruz Department,2020-08-05,-37.0,-21.0,-45.0,-23.0,-19.0,16.0
59120,Godoy Cruz Department,2020-08-06,-38.0,-23.0,-52.0,-27.0,-21.0,17.0
59121,Godoy Cruz Department,2020-08-07,-36.0,-21.0,-50.0,-24.0,-18.0,18.0
59122,Godoy Cruz Department,2020-08-08,-34.0,-14.0,-48.0,-20.0,-6.0,16.0
59123,Godoy Cruz Department,2020-08-09,-43.0,-24.0,-50.0,-22.0,-10.0,17.0
59124,Godoy Cruz Department,2020-08-10,-32.0,-25.0,-38.0,-22.0,-20.0,14.0
59125,Godoy Cruz Department,2020-08-11,-35.0,-18.0,-45.0,-25.0,-21.0,16.0
59126,Godoy Cruz Department,2020-08-12,-37.0,-20.0,-45.0,-23.0,-19.0,16.0
59127,Godoy Cruz Department,2020-08-13,-34.0,-17.0,-46.0,-24.0,-21.0,16.0
59128,Godoy Cruz Department,2020-08-14,-33.0,-13.0,-43.0,-22.0,-17.0,17.0
59129,Godoy Cruz Department,2020-08-15,-28.0,-2.0,-44.0,-12.0,-5.0,15.0
59130,Godoy Cruz Department,2020-08-16,-35.0,-13.0,-55.0,-12.0,2.0,14.0
59131,Godoy Cruz Department,2020-08-17,-56.0,-45.0,-66.0,-43.0,-64.0,20.0
59132,Godoy Cruz Department,2020-08-18,-37.0,-23.0,-49.0,-26.0,-19.0,16.0
59133,Godoy Cruz Department,2020-08-19,-42.0,-26.0,-51.0,-33.0,-22.0,18.0
59134,Godoy Cruz Department,2020-08-20,-37.0,-23.0,-47.0,-29.0,-21.0,17.0
59135,Godoy Cruz Department,2020-08-21,-34.0,-23.0,-46.0,-22.0,-18.0,17.0
59136,Godoy Cruz Department,2020-08-22,-30.0,-14.0,-46.0,-21.0,-4.0,16.0
59137,Godoy Cruz Department,2020-08-23,-42.0,-24.0,-52.0,-22.0,-6.0,16.0
59138,Godoy Cruz Department,2020-08-24,-30.0,-26.0,-39.0,-23.0,-20.0,15.0
59139,Godoy Cruz Department,2020-08-25,-31.0,-23.0,-42.0,-24.0,-20.0,16.0
59140,Godoy Cruz Department,2020-08-26,-35.0,-24.0,-47.0,-30.0,-20.0,17.0
59141,Godoy Cruz Department,2020-08-27,-32.0,-22.0,-43.0,-28.0,-21.0,17.0
59142,Godoy Cruz Department,2020-08-28,-29.0,-19.0,-42.0,-25.0,-18.0,18.0
59143,Godoy Cruz Department,2020-08-29,-29.0,-7.0,-43.0,-26.0,-9.0,17.0
59144,Godoy Cruz Department,2020-08-30,-37.0,-19.0,-48.0,-26.0,-11.0,17.0
59145,Godoy Cruz Department,2020-08-31,-28.0,-20.0,-33.0,-25.0,-23.0,15.0
59146,Godoy Cruz Department,2020-09-01,-34.0,-17.0,-40.0,-29.0,-23.0,17.0
59147,Godoy Cruz Department,2020-09-02,-35.0,-18.0,-41.0,-29.0,-23.0,17.0
59148,Godoy Cruz Department,2020-09-03,-35.0,-19.0,-45.0,-29.0,-25.0,18.0
59149,Godoy Cruz Department,2020-09-04,-33.0,-13.0,-41.0,-27.0,-23.0,19.0
59150,Godoy Cruz Department,2020-09-05,-33.0,-7.0,-44.0,-29.0,-11.0,18.0
59151,Godoy Cruz Department,2020-09-06,-44.0,-19.0,-49.0,-29.0,-15.0,18.0
59152,Guaymallén Department,2020-02-15,7.0,1.0,4.0,1.0,1.0,0.0
59153,Guaymallén Department,2020-02-16,3.0,-3.0,5.0,0.0,-2.0,2.0
59154,Guaymallén Department,2020-02-17,0.0,3.0,16.0,6.0,14.0,-1.0
59155,Guaymallén Department,2020-02-18,3.0,-2.0,-8.0,4.0,15.0,-1.0
59156,Guaymallén Department,2020-02-19,1.0,1.0,2.0,3.0,17.0,-1.0
59157,Guaymallén Department,2020-02-20,1.0,1.0,-5.0,5.0,16.0,-1.0
59158,Guaymallén Department,2020-02-21,3.0,4.0,-5.0,7.0,17.0,-2.0
59159,Guaymallén Department,2020-02-22,10.0,8.0,31.0,1.0,2.0,0.0
59160,Guaymallén Department,2020-02-23,9.0,6.0,42.0,7.0,-1.0,0.0
59161,Guaymallén Department,2020-02-24,-7.0,-9.0,68.0,-10.0,-55.0,6.0
59162,Guaymallén Department,2020-02-25,-12.0,-17.0,-14.0,-13.0,-52.0,8.0
59163,Guaymallén Department,2020-02-26,-2.0,2.0,-1.0,5.0,26.0,-3.0
59164,Guaymallén Department,2020-02-27,-3.0,-1.0,-2.0,3.0,26.0,-1.0
59165,Guaymallén Department,2020-02-28,2.0,2.0,-2.0,5.0,27.0,-2.0
59166,Guaymallén Department,2020-02-29,12.0,8.0,0.0,1.0,3.0,2.0
59167,Guaymallén Department,2020-03-01,4.0,8.0,10.0,5.0,0.0,4.0
59168,Guaymallén Department,2020-03-02,6.0,6.0,18.0,14.0,31.0,-4.0
59169,Guaymallén Department,2020-03-03,2.0,1.0,0.0,7.0,30.0,-2.0
59170,Guaymallén Department,2020-03-04,-1.0,-1.0,20.0,10.0,33.0,-3.0
59171,Guaymallén Department,2020-03-05,-2.0,2.0,-8.0,7.0,32.0,-4.0
59172,Guaymallén Department,2020-03-06,7.0,4.0,4.0,9.0,31.0,-3.0
59173,Guaymallén Department,2020-03-07,11.0,9.0,-1.0,2.0,4.0,2.0
59174,Guaymallén Department,2020-03-08,23.0,8.0,0.0,7.0,1.0,2.0
59175,Guaymallén Department,2020-03-09,11.0,8.0,22.0,17.0,31.0,-4.0
59176,Guaymallén Department,2020-03-10,4.0,5.0,-9.0,11.0,31.0,-3.0
59177,Guaymallén Department,2020-03-11,0.0,2.0,-2.0,9.0,34.0,-3.0
59178,Guaymallén Department,2020-03-12,-3.0,8.0,-5.0,10.0,32.0,-3.0
59179,Guaymallén Department,2020-03-13,-2.0,12.0,2.0,12.0,32.0,-3.0
59180,Guaymallén Department,2020-03-14,3.0,18.0,-9.0,4.0,4.0,3.0
59181,Guaymallén Department,2020-03-15,-14.0,21.0,-17.0,1.0,-2.0,6.0
59182,Guaymallén Department,2020-03-16,-17.0,21.0,-19.0,-9.0,4.0,6.0
59183,Guaymallén Department,2020-03-17,-28.0,4.0,-38.0,-20.0,-6.0,11.0
59184,Guaymallén Department,2020-03-18,-33.0,0.0,-41.0,-23.0,-13.0,13.0
59185,Guaymallén Department,2020-03-19,-34.0,20.0,-42.0,-23.0,-19.0,13.0
59186,Guaymallén Department,2020-03-20,-69.0,-28.0,-72.0,-56.0,-55.0,30.0
59187,Guaymallén Department,2020-03-21,-74.0,-39.0,-76.0,-65.0,-54.0,29.0
59188,Guaymallén Department,2020-03-22,-85.0,-61.0,-85.0,-75.0,-55.0,30.0
59189,Guaymallén Department,2020-03-23,-82.0,-58.0,-80.0,-72.0,-77.0,32.0
59190,Guaymallén Department,2020-03-24,-85.0,-64.0,-85.0,-74.0,-79.0,34.0
59191,Guaymallén Department,2020-03-25,-79.0,-47.0,-66.0,-69.0,-65.0,31.0
59192,Guaymallén Department,2020-03-26,-77.0,-44.0,-75.0,-64.0,-65.0,31.0
59193,Guaymallén Department,2020-03-27,-75.0,-41.0,-76.0,-62.0,-63.0,33.0
59194,Guaymallén Department,2020-03-28,-74.0,-41.0,-75.0,-65.0,-55.0,30.0
59195,Guaymallén Department,2020-03-29,-81.0,-56.0,-82.0,-70.0,-51.0,29.0
59196,Guaymallén Department,2020-03-30,-72.0,-41.0,-71.0,-62.0,-63.0,28.0
59197,Guaymallén Department,2020-03-31,-79.0,-60.0,-81.0,-67.0,-76.0,33.0
59198,Guaymallén Department,2020-04-01,-71.0,-36.0,-74.0,-60.0,-60.0,29.0
59199,Guaymallén Department,2020-04-02,-72.0,-37.0,-75.0,-60.0,-60.0,29.0
59200,Guaymallén Department,2020-04-03,-71.0,-34.0,-72.0,-57.0,-58.0,32.0
59201,Guaymallén Department,2020-04-04,-70.0,-33.0,-74.0,-58.0,-50.0,28.0
59202,Guaymallén Department,2020-04-05,-78.0,-49.0,-80.0,-65.0,-47.0,28.0
59203,Guaymallén Department,2020-04-06,-67.0,-32.0,-60.0,-50.0,-55.0,25.0
59204,Guaymallén Department,2020-04-07,-84.0,-24.0,-70.0,-45.0,-56.0,27.0
59205,Guaymallén Department,2020-04-08,-83.0,-22.0,-67.0,-46.0,-54.0,26.0
59206,Guaymallén Department,2020-04-09,-83.0,-20.0,-67.0,-48.0,-61.0,28.0
59207,Guaymallén Department,2020-04-10,-91.0,-65.0,-82.0,-70.0,-79.0,39.0
59208,Guaymallén Department,2020-04-11,-83.0,-24.0,-70.0,-54.0,-47.0,28.0
59209,Guaymallén Department,2020-04-12,-85.0,-46.0,-80.0,-62.0,-44.0,27.0
59210,Guaymallén Department,2020-04-13,-83.0,-31.0,-59.0,-45.0,-49.0,24.0
59211,Guaymallén Department,2020-04-14,-82.0,-27.0,-67.0,-44.0,-50.0,25.0
59212,Guaymallén Department,2020-04-15,-82.0,-29.0,-69.0,-45.0,-48.0,26.0
59213,Guaymallén Department,2020-04-16,-80.0,-27.0,-91.0,-44.0,-49.0,26.0
59214,Guaymallén Department,2020-04-17,-79.0,-26.0,-91.0,-44.0,-48.0,29.0
59215,Guaymallén Department,2020-04-18,-79.0,-24.0,-92.0,-49.0,-41.0,27.0
59216,Guaymallén Department,2020-04-19,-85.0,-45.0,-94.0,-61.0,-43.0,26.0
59217,Guaymallén Department,2020-04-20,-78.0,-28.0,-87.0,-40.0,-46.0,23.0
59218,Guaymallén Department,2020-04-21,-79.0,-28.0,-92.0,-42.0,-47.0,25.0
59219,Guaymallén Department,2020-04-22,-79.0,-26.0,-91.0,-41.0,-45.0,25.0
59220,Guaymallén Department,2020-04-23,-79.0,-26.0,-91.0,-42.0,-46.0,25.0
59221,Guaymallén Department,2020-04-24,-78.0,-21.0,-92.0,-41.0,-44.0,28.0
59222,Guaymallén Department,2020-04-25,-78.0,-21.0,-92.0,-44.0,-37.0,25.0
59223,Guaymallén Department,2020-04-26,-85.0,-43.0,-95.0,-57.0,-38.0,26.0
59224,Guaymallén Department,2020-04-27,-77.0,-27.0,-90.0,-37.0,-42.0,22.0
59225,Guaymallén Department,2020-04-28,-76.0,-27.0,-92.0,-37.0,-42.0,24.0
59226,Guaymallén Department,2020-04-29,-77.0,-26.0,-90.0,-37.0,-41.0,23.0
59227,Guaymallén Department,2020-04-30,-70.0,-6.0,-88.0,-32.0,-39.0,22.0
59228,Guaymallén Department,2020-05-01,-90.0,-79.0,-94.0,-61.0,-76.0,35.0
59229,Guaymallén Department,2020-05-02,-73.0,-19.0,-91.0,-44.0,-34.0,25.0
59230,Guaymallén Department,2020-05-03,-80.0,-33.0,-94.0,-52.0,-34.0,24.0
59231,Guaymallén Department,2020-05-04,-70.0,-22.0,-88.0,-36.0,-37.0,20.0
59232,Guaymallén Department,2020-05-05,-71.0,-20.0,-91.0,-37.0,-39.0,22.0
59233,Guaymallén Department,2020-05-06,-71.0,-21.0,-90.0,-34.0,-37.0,22.0
59234,Guaymallén Department,2020-05-07,-69.0,-17.0,-89.0,-34.0,-36.0,22.0
59235,Guaymallén Department,2020-05-08,-68.0,-14.0,-90.0,-32.0,-34.0,24.0
59236,Guaymallén Department,2020-05-09,-68.0,-12.0,-91.0,-32.0,-26.0,22.0
59237,Guaymallén Department,2020-05-10,-78.0,-28.0,-92.0,-43.0,-27.0,22.0
59238,Guaymallén Department,2020-05-11,-67.0,-22.0,-89.0,-28.0,-32.0,19.0
59239,Guaymallén Department,2020-05-12,-66.0,-17.0,-89.0,-27.0,-32.0,20.0
59240,Guaymallén Department,2020-05-13,-64.0,-19.0,-90.0,-28.0,-29.0,20.0
59241,Guaymallén Department,2020-05-14,-63.0,-17.0,-91.0,-28.0,-30.0,21.0
59242,Guaymallén Department,2020-05-15,-62.0,-13.0,-91.0,-26.0,-26.0,22.0
59243,Guaymallén Department,2020-05-16,-63.0,-12.0,-90.0,-27.0,-20.0,20.0
59244,Guaymallén Department,2020-05-17,-73.0,-27.0,-92.0,-36.0,-21.0,21.0
59245,Guaymallén Department,2020-05-18,-60.0,-21.0,-87.0,-23.0,-26.0,17.0
59246,Guaymallén Department,2020-05-19,-60.0,-16.0,-90.0,-22.0,-26.0,18.0
59247,Guaymallén Department,2020-05-20,-62.0,-20.0,-89.0,-27.0,-25.0,19.0
59248,Guaymallén Department,2020-05-21,-65.0,-20.0,-92.0,-35.0,-29.0,21.0
59249,Guaymallén Department,2020-05-22,-62.0,-13.0,-89.0,-27.0,-24.0,21.0
59250,Guaymallén Department,2020-05-23,-59.0,-3.0,-88.0,-20.0,-14.0,18.0
59251,Guaymallén Department,2020-05-24,-68.0,-15.0,-90.0,-19.0,-10.0,15.0
59252,Guaymallén Department,2020-05-25,-74.0,-46.0,-89.0,-28.0,-63.0,19.0
59253,Guaymallén Department,2020-05-26,-61.0,-24.0,-90.0,-26.0,-23.0,18.0
59254,Guaymallén Department,2020-05-27,-60.0,-19.0,-89.0,-22.0,-21.0,18.0
59255,Guaymallén Department,2020-05-28,-59.0,-15.0,-88.0,-21.0,-21.0,18.0
59256,Guaymallén Department,2020-05-29,-57.0,-10.0,-89.0,-21.0,-20.0,18.0
59257,Guaymallén Department,2020-05-30,-56.0,-6.0,-89.0,-19.0,-10.0,16.0
59258,Guaymallén Department,2020-05-31,-67.0,-20.0,-91.0,-23.0,-6.0,16.0
59259,Guaymallén Department,2020-06-01,-58.0,-20.0,-84.0,-20.0,-19.0,16.0
59260,Guaymallén Department,2020-06-02,-57.0,-14.0,-89.0,-19.0,-20.0,17.0
59261,Guaymallén Department,2020-06-03,-65.0,-29.0,-91.0,-40.0,-23.0,20.0
59262,Guaymallén Department,2020-06-04,-59.0,-13.0,-89.0,-23.0,-19.0,18.0
59263,Guaymallén Department,2020-06-05,-54.0,-8.0,-83.0,-20.0,-17.0,18.0
59264,Guaymallén Department,2020-06-06,-51.0,-1.0,-84.0,-12.0,-5.0,14.0
59265,Guaymallén Department,2020-06-07,-63.0,-15.0,-85.0,-17.0,-2.0,14.0
59266,Guaymallén Department,2020-06-08,-52.0,-19.0,-80.0,-15.0,-17.0,15.0
59267,Guaymallén Department,2020-06-09,-42.0,-5.0,-82.0,-14.0,-17.0,15.0
59268,Guaymallén Department,2020-06-10,-42.0,-6.0,-80.0,-14.0,-14.0,14.0
59269,Guaymallén Department,2020-06-11,-42.0,-6.0,-82.0,-18.0,-16.0,15.0
59270,Guaymallén Department,2020-06-12,-38.0,0.0,-80.0,-10.0,-13.0,15.0
59271,Guaymallén Department,2020-06-13,-32.0,6.0,-79.0,-9.0,-3.0,12.0
59272,Guaymallén Department,2020-06-14,-38.0,-3.0,-78.0,-14.0,1.0,12.0
59273,Guaymallén Department,2020-06-15,-48.0,-27.0,-73.0,-25.0,-56.0,18.0
59274,Guaymallén Department,2020-06-16,-35.0,-5.0,-79.0,-16.0,-14.0,14.0
59275,Guaymallén Department,2020-06-17,-37.0,-7.0,-79.0,-17.0,-13.0,14.0
59276,Guaymallén Department,2020-06-18,-46.0,-14.0,-80.0,-24.0,-17.0,16.0
59277,Guaymallén Department,2020-06-19,-39.0,-3.0,-80.0,-18.0,-14.0,16.0
59278,Guaymallén Department,2020-06-20,-40.0,3.0,-77.0,-17.0,-16.0,16.0
59279,Guaymallén Department,2020-06-21,-52.0,-18.0,-74.0,-12.0,19.0,11.0
59280,Guaymallén Department,2020-06-22,-45.0,-23.0,-75.0,-21.0,-17.0,15.0
59281,Guaymallén Department,2020-06-23,-44.0,-15.0,-82.0,-23.0,-17.0,16.0
59282,Guaymallén Department,2020-06-24,-49.0,-20.0,-85.0,-28.0,-17.0,17.0
59283,Guaymallén Department,2020-06-25,-46.0,-14.0,-82.0,-21.0,-16.0,16.0
59284,Guaymallén Department,2020-06-26,-42.0,-11.0,-82.0,-20.0,-13.0,17.0
59285,Guaymallén Department,2020-06-27,-41.0,-6.0,-81.0,-19.0,-4.0,15.0
59286,Guaymallén Department,2020-06-28,-53.0,-21.0,-87.0,-33.0,-6.0,17.0
59287,Guaymallén Department,2020-06-29,-41.0,-20.0,-78.0,-21.0,-15.0,15.0
59288,Guaymallén Department,2020-06-30,-38.0,-11.0,-80.0,-20.0,-16.0,15.0
59289,Guaymallén Department,2020-07-01,-40.0,-12.0,-79.0,-20.0,-13.0,15.0
59290,Guaymallén Department,2020-07-02,-39.0,-7.0,-81.0,-20.0,-14.0,15.0
59291,Guaymallén Department,2020-07-03,-36.0,-4.0,-82.0,-17.0,-12.0,16.0
59292,Guaymallén Department,2020-07-04,-41.0,-7.0,-85.0,-28.0,-8.0,17.0
59293,Guaymallén Department,2020-07-05,-43.0,-12.0,-81.0,-23.0,-1.0,14.0
59294,Guaymallén Department,2020-07-06,-39.0,-13.0,-81.0,-24.0,-18.0,15.0
59295,Guaymallén Department,2020-07-07,-34.0,-4.0,-81.0,-18.0,-16.0,15.0
59296,Guaymallén Department,2020-07-08,-33.0,0.0,-79.0,-15.0,-13.0,13.0
59297,Guaymallén Department,2020-07-09,-56.0,-34.0,-81.0,-34.0,-56.0,23.0
59298,Guaymallén Department,2020-07-10,-46.0,-12.0,-83.0,-28.0,-44.0,23.0
59299,Guaymallén Department,2020-07-11,-35.0,-2.0,-79.0,-21.0,-7.0,16.0
59300,Guaymallén Department,2020-07-12,-45.0,-16.0,-80.0,-23.0,1.0,14.0
59301,Guaymallén Department,2020-07-13,-34.0,-13.0,-79.0,-19.0,-17.0,14.0
59302,Guaymallén Department,2020-07-14,-32.0,-7.0,-79.0,-16.0,-16.0,14.0
59303,Guaymallén Department,2020-07-15,-34.0,-11.0,-77.0,-16.0,-14.0,15.0
59304,Guaymallén Department,2020-07-16,-34.0,-9.0,-78.0,-18.0,-15.0,15.0
59305,Guaymallén Department,2020-07-17,-32.0,-7.0,-76.0,-18.0,-13.0,16.0
59306,Guaymallén Department,2020-07-18,-33.0,-4.0,-78.0,-19.0,-5.0,15.0
59307,Guaymallén Department,2020-07-19,-42.0,-14.0,-73.0,-19.0,0.0,14.0
59308,Guaymallén Department,2020-07-20,-28.0,-14.0,-73.0,-10.0,-14.0,12.0
59309,Guaymallén Department,2020-07-21,-40.0,-18.0,-82.0,-26.0,-20.0,16.0
59310,Guaymallén Department,2020-07-22,-44.0,-24.0,-85.0,-32.0,-19.0,18.0
59311,Guaymallén Department,2020-07-23,-42.0,-15.0,-81.0,-25.0,-18.0,17.0
59312,Guaymallén Department,2020-07-24,-37.0,-10.0,-80.0,-20.0,-15.0,18.0
59313,Guaymallén Department,2020-07-25,-41.0,-10.0,-77.0,-22.0,-19.0,18.0
59314,Guaymallén Department,2020-07-26,-46.0,-16.0,-74.0,-22.0,1.0,15.0
59315,Guaymallén Department,2020-07-27,-34.0,-16.0,-73.0,-18.0,-18.0,14.0
59316,Guaymallén Department,2020-07-28,-33.0,-14.0,-78.0,-18.0,-17.0,16.0
59317,Guaymallén Department,2020-07-29,-36.0,-15.0,-75.0,-19.0,-16.0,15.0
59318,Guaymallén Department,2020-07-30,-36.0,-12.0,-78.0,-21.0,-17.0,16.0
59319,Guaymallén Department,2020-07-31,-34.0,-9.0,-77.0,-18.0,-14.0,17.0
59320,Guaymallén Department,2020-08-01,-35.0,-5.0,-77.0,-19.0,-4.0,15.0
59321,Guaymallén Department,2020-08-02,-45.0,-13.0,-74.0,-20.0,1.0,14.0
59322,Guaymallén Department,2020-08-03,-34.0,-15.0,-70.0,-16.0,-18.0,14.0
59323,Guaymallén Department,2020-08-04,-36.0,-12.0,-76.0,-19.0,-18.0,16.0
59324,Guaymallén Department,2020-08-05,-37.0,-13.0,-76.0,-19.0,-16.0,15.0
59325,Guaymallén Department,2020-08-06,-37.0,-12.0,-78.0,-22.0,-18.0,16.0
59326,Guaymallén Department,2020-08-07,-34.0,-10.0,-77.0,-18.0,-14.0,17.0
59327,Guaymallén Department,2020-08-08,-33.0,-8.0,-75.0,-18.0,-4.0,15.0
59328,Guaymallén Department,2020-08-09,-43.0,-19.0,-72.0,-26.0,-6.0,16.0
59329,Guaymallén Department,2020-08-10,-30.0,-16.0,-70.0,-14.0,-17.0,14.0
59330,Guaymallén Department,2020-08-11,-31.0,-11.0,-77.0,-17.0,-18.0,15.0
59331,Guaymallén Department,2020-08-12,-33.0,-10.0,-75.0,-19.0,-16.0,15.0
59332,Guaymallén Department,2020-08-13,-30.0,-6.0,-76.0,-18.0,-16.0,15.0
59333,Guaymallén Department,2020-08-14,-22.0,0.0,-78.0,-16.0,-14.0,16.0
59334,Guaymallén Department,2020-08-15,-18.0,11.0,-74.0,-9.0,-4.0,14.0
59335,Guaymallén Department,2020-08-16,-31.0,-1.0,-71.0,-13.0,3.0,14.0
59336,Guaymallén Department,2020-08-17,-49.0,-37.0,-68.0,-29.0,-60.0,20.0
59337,Guaymallén Department,2020-08-18,-26.0,-11.0,-79.0,-19.0,-17.0,15.0
59338,Guaymallén Department,2020-08-19,-33.0,-18.0,-81.0,-27.0,-19.0,17.0
59339,Guaymallén Department,2020-08-20,-29.0,-11.0,-76.0,-21.0,-18.0,16.0
59340,Guaymallén Department,2020-08-21,-25.0,-6.0,-75.0,-18.0,-15.0,17.0
59341,Guaymallén Department,2020-08-22,-25.0,0.0,-74.0,-17.0,-5.0,15.0
59342,Guaymallén Department,2020-08-23,-37.0,-11.0,-72.0,-25.0,-5.0,16.0
59343,Guaymallén Department,2020-08-24,-20.0,-13.0,-64.0,-15.0,-18.0,14.0
59344,Guaymallén Department,2020-08-25,-20.0,-7.0,-72.0,-17.0,-18.0,15.0
59345,Guaymallén Department,2020-08-26,-26.0,-13.0,-74.0,-23.0,-18.0,16.0
59346,Guaymallén Department,2020-08-27,-23.0,-8.0,-67.0,-21.0,-18.0,16.0
59347,Guaymallén Department,2020-08-28,-19.0,-3.0,-69.0,-20.0,-16.0,17.0
59348,Guaymallén Department,2020-08-29,-20.0,3.0,-67.0,-24.0,-8.0,16.0
59349,Guaymallén Department,2020-08-30,-31.0,-5.0,-66.0,-26.0,-9.0,16.0
59350,Guaymallén Department,2020-08-31,-17.0,-8.0,-60.0,-17.0,-21.0,14.0
59351,Guaymallén Department,2020-09-01,-21.0,-4.0,-67.0,-18.0,-22.0,16.0
59352,Guaymallén Department,2020-09-02,-24.0,-7.0,-66.0,-23.0,-21.0,16.0
59353,Guaymallén Department,2020-09-03,-26.0,-4.0,-65.0,-23.0,-22.0,17.0
59354,Guaymallén Department,2020-09-04,-23.0,1.0,-67.0,-22.0,-20.0,18.0
59355,Guaymallén Department,2020-09-05,-23.0,6.0,-68.0,-26.0,-12.0,17.0
59356,Guaymallén Department,2020-09-06,-37.0,-1.0,-67.0,-29.0,-15.0,18.0
59682,Las Heras Department,2020-02-15,6.0,-4.0,-6.0,-3.0,-1.0,0.0
59683,Las Heras Department,2020-02-16,10.0,-6.0,-9.0,-4.0,-3.0,2.0
59684,Las Heras Department,2020-02-17,2.0,0.0,-8.0,5.0,17.0,-1.0
59685,Las Heras Department,2020-02-18,-2.0,-5.0,-9.0,2.0,18.0,-1.0
59686,Las Heras Department,2020-02-19,1.0,-5.0,-8.0,0.0,17.0,-2.0
59687,Las Heras Department,2020-02-20,2.0,-2.0,-7.0,4.0,18.0,-2.0
59688,Las Heras Department,2020-02-21,6.0,-3.0,-6.0,3.0,17.0,-2.0
59689,Las Heras Department,2020-02-22,21.0,2.0,9.0,-1.0,1.0,-1.0
59690,Las Heras Department,2020-02-23,26.0,0.0,1.0,-4.0,-2.0,1.0
59691,Las Heras Department,2020-02-24,-9.0,-9.0,15.0,-7.0,-53.0,6.0
59692,Las Heras Department,2020-02-25,-14.0,-9.0,-14.0,-11.0,-49.0,7.0
59693,Las Heras Department,2020-02-26,4.0,-1.0,-4.0,-2.0,28.0,-3.0
59694,Las Heras Department,2020-02-27,-1.0,-3.0,-3.0,2.0,29.0,-2.0
59695,Las Heras Department,2020-02-28,1.0,-3.0,0.0,1.0,28.0,-3.0
59696,Las Heras Department,2020-02-29,10.0,5.0,-9.0,-1.0,3.0,2.0
59697,Las Heras Department,2020-03-01,3.0,6.0,-13.0,-6.0,-1.0,4.0
59698,Las Heras Department,2020-03-02,4.0,2.0,-2.0,6.0,36.0,-4.0
59699,Las Heras Department,2020-03-03,-5.0,1.0,-7.0,2.0,35.0,-3.0
59700,Las Heras Department,2020-03-04,1.0,0.0,-2.0,26.0,35.0,-3.0
59701,Las Heras Department,2020-03-05,-4.0,-2.0,-5.0,1.0,35.0,-4.0
59702,Las Heras Department,2020-03-06,7.0,-1.0,-4.0,2.0,32.0,-3.0
59703,Las Heras Department,2020-03-07,3.0,3.0,-6.0,-2.0,4.0,2.0
59704,Las Heras Department,2020-03-08,5.0,10.0,-6.0,0.0,0.0,3.0
59705,Las Heras Department,2020-03-09,4.0,6.0,1.0,10.0,35.0,-4.0
59706,Las Heras Department,2020-03-10,-5.0,1.0,-5.0,5.0,36.0,-3.0
59707,Las Heras Department,2020-03-11,-3.0,1.0,-10.0,5.0,38.0,-3.0
59708,Las Heras Department,2020-03-12,-4.0,8.0,-3.0,2.0,36.0,-3.0
59709,Las Heras Department,2020-03-13,0.0,12.0,-7.0,1.0,35.0,-3.0
59710,Las Heras Department,2020-03-14,4.0,18.0,-18.0,-3.0,5.0,3.0
59711,Las Heras Department,2020-03-15,-1.0,30.0,-22.0,-10.0,-4.0,6.0
59712,Las Heras Department,2020-03-16,-10.0,21.0,-24.0,-14.0,8.0,6.0
59713,Las Heras Department,2020-03-17,-21.0,2.0,-32.0,-22.0,-4.0,11.0
59714,Las Heras Department,2020-03-18,-22.0,-2.0,-34.0,-27.0,-11.0,12.0
59715,Las Heras Department,2020-03-19,-24.0,16.0,-33.0,-30.0,-18.0,12.0
59716,Las Heras Department,2020-03-20,-59.0,-24.0,-59.0,-59.0,-54.0,29.0
59717,Las Heras Department,2020-03-21,-67.0,-39.0,-69.0,-69.0,-51.0,28.0
59718,Las Heras Department,2020-03-22,-73.0,-58.0,-78.0,-76.0,-50.0,28.0
59719,Las Heras Department,2020-03-23,-75.0,-54.0,-73.0,-74.0,-75.0,31.0
59720,Las Heras Department,2020-03-24,-78.0,-56.0,-73.0,-77.0,-76.0,32.0
59721,Las Heras Department,2020-03-25,-71.0,-46.0,-70.0,-72.0,-63.0,29.0
59722,Las Heras Department,2020-03-26,-67.0,-41.0,-64.0,-70.0,-63.0,30.0
59723,Las Heras Department,2020-03-27,-63.0,-41.0,-59.0,-67.0,-62.0,32.0
59724,Las Heras Department,2020-03-28,-66.0,-45.0,-64.0,-68.0,-54.0,29.0
59725,Las Heras Department,2020-03-29,-71.0,-54.0,-74.0,-74.0,-49.0,28.0
59726,Las Heras Department,2020-03-30,-63.0,-39.0,-61.0,-67.0,-62.0,27.0
59727,Las Heras Department,2020-03-31,-73.0,-50.0,-68.0,-72.0,-73.0,31.0
59728,Las Heras Department,2020-04-01,-63.0,-36.0,-60.0,-67.0,-59.0,28.0
59729,Las Heras Department,2020-04-02,-66.0,-36.0,-60.0,-67.0,-60.0,29.0
59730,Las Heras Department,2020-04-03,-60.0,-38.0,-52.0,-65.0,-58.0,31.0
59731,Las Heras Department,2020-04-04,-63.0,-39.0,-63.0,-67.0,-49.0,28.0
59732,Las Heras Department,2020-04-05,-69.0,-50.0,-70.0,-72.0,-43.0,27.0
59733,Las Heras Department,2020-04-06,-58.0,-32.0,-47.0,-60.0,-55.0,25.0
59734,Las Heras Department,2020-04-07,-74.0,-29.0,-45.0,-57.0,-55.0,25.0
59735,Las Heras Department,2020-04-08,-72.0,-26.0,-46.0,-55.0,-53.0,25.0
59736,Las Heras Department,2020-04-09,-74.0,-23.0,-53.0,-58.0,-60.0,28.0
59737,Las Heras Department,2020-04-10,-84.0,-58.0,-70.0,-73.0,-75.0,36.0
59738,Las Heras Department,2020-04-11,-75.0,-31.0,-59.0,-61.0,-47.0,27.0
59739,Las Heras Department,2020-04-12,-75.0,-47.0,-72.0,-68.0,-42.0,26.0
59740,Las Heras Department,2020-04-13,-72.0,-34.0,-47.0,-58.0,-48.0,23.0
59741,Las Heras Department,2020-04-14,-73.0,-32.0,-47.0,-55.0,-49.0,24.0
59742,Las Heras Department,2020-04-15,-73.0,-30.0,-50.0,-55.0,-48.0,25.0
59743,Las Heras Department,2020-04-16,-74.0,-27.0,-80.0,-54.0,-49.0,26.0
59744,Las Heras Department,2020-04-17,-73.0,-26.0,-83.0,-55.0,-48.0,28.0
59745,Las Heras Department,2020-04-18,-73.0,-29.0,-84.0,-56.0,-41.0,26.0
59746,Las Heras Department,2020-04-19,-77.0,-45.0,-86.0,-66.0,-41.0,26.0
59747,Las Heras Department,2020-04-20,-72.0,-28.0,-81.0,-53.0,-44.0,23.0
59748,Las Heras Department,2020-04-21,-72.0,-27.0,-81.0,-53.0,-45.0,24.0
59749,Las Heras Department,2020-04-22,-71.0,-25.0,-82.0,-51.0,-44.0,24.0
59750,Las Heras Department,2020-04-23,-72.0,-26.0,-81.0,-51.0,-45.0,25.0
59751,Las Heras Department,2020-04-24,-72.0,-24.0,-83.0,-51.0,-44.0,27.0
59752,Las Heras Department,2020-04-25,-73.0,-27.0,-83.0,-54.0,-37.0,25.0
59753,Las Heras Department,2020-04-26,-77.0,-44.0,-87.0,-65.0,-38.0,25.0
59754,Las Heras Department,2020-04-27,-71.0,-28.0,-79.0,-50.0,-39.0,21.0
59755,Las Heras Department,2020-04-28,-72.0,-28.0,-79.0,-48.0,-40.0,23.0
59756,Las Heras Department,2020-04-29,-70.0,-28.0,-79.0,-50.0,-39.0,22.0
59757,Las Heras Department,2020-04-30,-55.0,-7.0,-78.0,-46.0,-37.0,21.0
59758,Las Heras Department,2020-05-01,-80.0,-75.0,-85.0,-65.0,-73.0,34.0
59759,Las Heras Department,2020-05-02,-61.0,-26.0,-84.0,-52.0,-33.0,24.0
59760,Las Heras Department,2020-05-03,-70.0,-31.0,-84.0,-60.0,-31.0,24.0
59761,Las Heras Department,2020-05-04,-59.0,-22.0,-79.0,-47.0,-35.0,20.0
59762,Las Heras Department,2020-05-05,-59.0,-22.0,-76.0,-48.0,-36.0,21.0
59763,Las Heras Department,2020-05-06,-56.0,-21.0,-77.0,-43.0,-35.0,21.0
59764,Las Heras Department,2020-05-07,-56.0,-17.0,-77.0,-43.0,-34.0,21.0
59765,Las Heras Department,2020-05-08,-53.0,-17.0,-78.0,-43.0,-33.0,23.0
59766,Las Heras Department,2020-05-09,-55.0,-19.0,-81.0,-43.0,-25.0,21.0
59767,Las Heras Department,2020-05-10,-64.0,-29.0,-84.0,-52.0,-30.0,22.0
59768,Las Heras Department,2020-05-11,-54.0,-25.0,-78.0,-42.0,-29.0,19.0
59769,Las Heras Department,2020-05-12,-55.0,-22.0,-78.0,-40.0,-29.0,19.0
59770,Las Heras Department,2020-05-13,-53.0,-20.0,-77.0,-41.0,-28.0,19.0
59771,Las Heras Department,2020-05-14,-54.0,-21.0,-77.0,-39.0,-28.0,20.0
59772,Las Heras Department,2020-05-15,-48.0,-19.0,-78.0,-39.0,-25.0,21.0
59773,Las Heras Department,2020-05-16,-52.0,-23.0,-79.0,-38.0,-19.0,20.0
59774,Las Heras Department,2020-05-17,-60.0,-29.0,-81.0,-47.0,-21.0,20.0
59775,Las Heras Department,2020-05-18,-50.0,-28.0,-75.0,-37.0,-22.0,16.0
59776,Las Heras Department,2020-05-19,-50.0,-24.0,-76.0,-36.0,-23.0,17.0
59777,Las Heras Department,2020-05-20,-49.0,-24.0,-75.0,-39.0,-23.0,18.0
59778,Las Heras Department,2020-05-21,-55.0,-24.0,-78.0,-45.0,-27.0,20.0
59779,Las Heras Department,2020-05-22,-51.0,-22.0,-76.0,-39.0,-22.0,21.0
59780,Las Heras Department,2020-05-23,-47.0,-17.0,-79.0,-31.0,-14.0,17.0
59781,Las Heras Department,2020-05-24,-52.0,-17.0,-77.0,-33.0,-13.0,15.0
59782,Las Heras Department,2020-05-25,-66.0,-45.0,-71.0,-40.0,-60.0,19.0
59783,Las Heras Department,2020-05-26,-53.0,-31.0,-76.0,-37.0,-20.0,17.0
59784,Las Heras Department,2020-05-27,-48.0,-24.0,-74.0,-35.0,-19.0,17.0
59785,Las Heras Department,2020-05-28,-47.0,-22.0,-75.0,-35.0,-19.0,17.0
59786,Las Heras Department,2020-05-29,-45.0,-17.0,-75.0,-34.0,-18.0,18.0
59787,Las Heras Department,2020-05-30,-48.0,-18.0,-77.0,-33.0,-9.0,16.0
59788,Las Heras Department,2020-05-31,-55.0,-26.0,-77.0,-39.0,-8.0,17.0
59789,Las Heras Department,2020-06-01,-47.0,-26.0,-77.0,-37.0,-18.0,16.0
59790,Las Heras Department,2020-06-02,-50.0,-23.0,-75.0,-38.0,-17.0,17.0
59791,Las Heras Department,2020-06-03,-58.0,-33.0,-80.0,-51.0,-23.0,20.0
59792,Las Heras Department,2020-06-04,-51.0,-23.0,-76.0,-37.0,-19.0,18.0
59793,Las Heras Department,2020-06-05,-41.0,-17.0,-73.0,-36.0,-16.0,18.0
59794,Las Heras Department,2020-06-06,-42.0,-16.0,-75.0,-28.0,-5.0,15.0
59795,Las Heras Department,2020-06-07,-48.0,-19.0,-74.0,-34.0,-5.0,14.0
59796,Las Heras Department,2020-06-08,-43.0,-24.0,-74.0,-36.0,-14.0,14.0
59797,Las Heras Department,2020-06-09,-41.0,-13.0,-74.0,-31.0,-12.0,14.0
59798,Las Heras Department,2020-06-10,-38.0,-10.0,-73.0,-31.0,-12.0,14.0
59799,Las Heras Department,2020-06-11,-41.0,-12.0,-72.0,-36.0,-14.0,15.0
59800,Las Heras Department,2020-06-12,-37.0,-10.0,-72.0,-30.0,-11.0,15.0
59801,Las Heras Department,2020-06-13,-35.0,-7.0,-70.0,-24.0,-1.0,12.0
59802,Las Heras Department,2020-06-14,-41.0,-12.0,-67.0,-31.0,-1.0,12.0
59803,Las Heras Department,2020-06-15,-53.0,-28.0,-62.0,-40.0,-54.0,19.0
59804,Las Heras Department,2020-06-16,-41.0,-15.0,-71.0,-30.0,-11.0,13.0
59805,Las Heras Department,2020-06-17,-38.0,-13.0,-71.0,-31.0,-12.0,13.0
59806,Las Heras Department,2020-06-18,-43.0,-25.0,-73.0,-38.0,-15.0,16.0
59807,Las Heras Department,2020-06-19,-36.0,-15.0,-75.0,-31.0,-12.0,16.0
59808,Las Heras Department,2020-06-20,-37.0,-7.0,-74.0,-29.0,-14.0,16.0
59809,Las Heras Department,2020-06-21,-44.0,-26.0,-70.0,-24.0,19.0,11.0
59810,Las Heras Department,2020-06-22,-42.0,-29.0,-72.0,-38.0,-15.0,15.0
59811,Las Heras Department,2020-06-23,-42.0,-24.0,-73.0,-38.0,-14.0,15.0
59812,Las Heras Department,2020-06-24,-45.0,-28.0,-74.0,-41.0,-16.0,17.0
59813,Las Heras Department,2020-06-25,-42.0,-23.0,-71.0,-35.0,-14.0,15.0
59814,Las Heras Department,2020-06-26,-38.0,-20.0,-73.0,-34.0,-11.0,16.0
59815,Las Heras Department,2020-06-27,-38.0,-20.0,-73.0,-30.0,-3.0,14.0
59816,Las Heras Department,2020-06-28,-49.0,-32.0,-75.0,-46.0,-8.0,16.0
59817,Las Heras Department,2020-06-29,-37.0,-26.0,-72.0,-37.0,-12.0,14.0
59818,Las Heras Department,2020-06-30,-37.0,-20.0,-74.0,-36.0,-13.0,14.0
59819,Las Heras Department,2020-07-01,-35.0,-16.0,-72.0,-34.0,-12.0,14.0
59820,Las Heras Department,2020-07-02,-34.0,-12.0,-70.0,-33.0,-14.0,15.0
59821,Las Heras Department,2020-07-03,-30.0,-13.0,-71.0,-32.0,-12.0,16.0
59822,Las Heras Department,2020-07-04,-40.0,-18.0,-75.0,-40.0,-8.0,16.0
59823,Las Heras Department,2020-07-05,-43.0,-20.0,-66.0,-40.0,-4.0,15.0
59824,Las Heras Department,2020-07-06,-39.0,-20.0,-73.0,-41.0,-15.0,15.0
59825,Las Heras Department,2020-07-07,-36.0,-16.0,-72.0,-35.0,-13.0,14.0
59826,Las Heras Department,2020-07-08,-28.0,-8.0,-70.0,-33.0,-11.0,12.0
59827,Las Heras Department,2020-07-09,-55.0,-28.0,-72.0,-42.0,-53.0,22.0
59828,Las Heras Department,2020-07-10,-40.0,-18.0,-73.0,-41.0,-43.0,23.0
59829,Las Heras Department,2020-07-11,-30.0,-15.0,-70.0,-34.0,-6.0,15.0
59830,Las Heras Department,2020-07-12,-39.0,-24.0,-70.0,-35.0,1.0,14.0
59831,Las Heras Department,2020-07-13,-36.0,-23.0,-73.0,-37.0,-15.0,14.0
59832,Las Heras Department,2020-07-14,-33.0,-18.0,-69.0,-32.0,-13.0,14.0
59833,Las Heras Department,2020-07-15,-32.0,-15.0,-56.0,-32.0,-12.0,14.0
59834,Las Heras Department,2020-07-16,-33.0,-14.0,-58.0,-32.0,-14.0,14.0
59835,Las Heras Department,2020-07-17,-29.0,-14.0,-60.0,-32.0,-12.0,15.0
59836,Las Heras Department,2020-07-18,-30.0,-15.0,-60.0,-32.0,-3.0,14.0
59837,Las Heras Department,2020-07-19,-33.0,-16.0,-60.0,-33.0,1.0,13.0
59838,Las Heras Department,2020-07-20,-26.0,-19.0,-59.0,-28.0,-10.0,11.0
59839,Las Heras Department,2020-07-21,-44.0,-27.0,-65.0,-42.0,-17.0,15.0
59840,Las Heras Department,2020-07-22,-44.0,-27.0,-67.0,-46.0,-17.0,17.0
59841,Las Heras Department,2020-07-23,-40.0,-19.0,-60.0,-39.0,-16.0,16.0
59842,Las Heras Department,2020-07-24,-33.0,-18.0,-61.0,-34.0,-13.0,17.0
59843,Las Heras Department,2020-07-25,-36.0,-20.0,-62.0,-35.0,-16.0,17.0
59844,Las Heras Department,2020-07-26,-36.0,-22.0,-62.0,-38.0,-2.0,15.0
59845,Las Heras Department,2020-07-27,-31.0,-21.0,-60.0,-34.0,-15.0,14.0
59846,Las Heras Department,2020-07-28,-33.0,-25.0,-59.0,-35.0,-15.0,15.0
59847,Las Heras Department,2020-07-29,-32.0,-20.0,-56.0,-34.0,-15.0,15.0
59848,Las Heras Department,2020-07-30,-33.0,-20.0,-51.0,-36.0,-17.0,16.0
59849,Las Heras Department,2020-07-31,-28.0,-15.0,-54.0,-32.0,-14.0,16.0
59850,Las Heras Department,2020-08-01,-27.0,-14.0,-57.0,-31.0,-5.0,15.0
59851,Las Heras Department,2020-08-02,-32.0,-15.0,-55.0,-36.0,0.0,14.0
59852,Las Heras Department,2020-08-03,-32.0,-19.0,-51.0,-35.0,-15.0,14.0
59853,Las Heras Department,2020-08-04,-34.0,-18.0,-51.0,-34.0,-16.0,15.0
59854,Las Heras Department,2020-08-05,-33.0,-17.0,-49.0,-34.0,-14.0,15.0
59855,Las Heras Department,2020-08-06,-36.0,-13.0,-49.0,-37.0,-17.0,16.0
59856,Las Heras Department,2020-08-07,-27.0,-16.0,-49.0,-33.0,-15.0,17.0
59857,Las Heras Department,2020-08-08,-25.0,-14.0,-53.0,-32.0,-5.0,15.0
59858,Las Heras Department,2020-08-09,-33.0,-17.0,-57.0,-39.0,-8.0,16.0
59859,Las Heras Department,2020-08-10,-24.0,-17.0,-45.0,-33.0,-16.0,13.0
59860,Las Heras Department,2020-08-11,-30.0,-16.0,-51.0,-35.0,-16.0,14.0
59861,Las Heras Department,2020-08-12,-27.0,-13.0,-50.0,-34.0,-15.0,15.0
59862,Las Heras Department,2020-08-13,-29.0,-10.0,-48.0,-32.0,-15.0,15.0
59863,Las Heras Department,2020-08-14,-25.0,-9.0,-51.0,-32.0,-13.0,16.0
59864,Las Heras Department,2020-08-15,-16.0,-1.0,-52.0,-27.0,-2.0,14.0
59865,Las Heras Department,2020-08-16,-23.0,-5.0,-58.0,-29.0,3.0,15.0
59866,Las Heras Department,2020-08-17,-49.0,-34.0,-53.0,-43.0,-57.0,20.0
59867,Las Heras Department,2020-08-18,-28.0,-18.0,-50.0,-37.0,-15.0,14.0
59868,Las Heras Department,2020-08-19,-32.0,-20.0,-53.0,-43.0,-19.0,17.0
59869,Las Heras Department,2020-08-20,-27.0,-15.0,-44.0,-37.0,-17.0,16.0
59870,Las Heras Department,2020-08-21,-21.0,-15.0,-45.0,-35.0,-16.0,17.0
59871,Las Heras Department,2020-08-22,-20.0,-11.0,-47.0,-34.0,-5.0,16.0
59872,Las Heras Department,2020-08-23,-31.0,-16.0,-49.0,-40.0,-7.0,16.0
59873,Las Heras Department,2020-08-24,-22.0,-18.0,-40.0,-34.0,-17.0,14.0
59874,Las Heras Department,2020-08-25,-24.0,-14.0,-41.0,-36.0,-15.0,14.0
59875,Las Heras Department,2020-08-26,-26.0,-15.0,-42.0,-40.0,-16.0,16.0
59876,Las Heras Department,2020-08-27,-22.0,-11.0,-37.0,-35.0,-16.0,16.0
59877,Las Heras Department,2020-08-28,-16.0,-9.0,-41.0,-35.0,-15.0,17.0
59878,Las Heras Department,2020-08-29,-17.0,-4.0,-47.0,-38.0,-6.0,15.0
59879,Las Heras Department,2020-08-30,-26.0,-9.0,-47.0,-43.0,-8.0,17.0
59880,Las Heras Department,2020-08-31,-17.0,-9.0,-33.0,-37.0,-17.0,14.0
59881,Las Heras Department,2020-09-01,-18.0,-6.0,-36.0,-36.0,-18.0,15.0
59882,Las Heras Department,2020-09-02,-13.0,-7.0,-35.0,-37.0,-18.0,16.0
59883,Las Heras Department,2020-09-03,-18.0,-5.0,-35.0,-37.0,-20.0,16.0
59884,Las Heras Department,2020-09-04,-12.0,-4.0,-39.0,-37.0,-19.0,18.0
59885,Las Heras Department,2020-09-05,-9.0,1.0,-44.0,-41.0,-11.0,17.0
59886,Las Heras Department,2020-09-06,-23.0,-4.0,-51.0,-45.0,-16.0,18.0
60086,Luján de Cuyo Department,2020-02-15,14.0,-2.0,2.0,5.0,1.0,-1.0
60087,Luján de Cuyo Department,2020-02-16,6.0,0.0,-11.0,-4.0,-2.0,1.0
60088,Luján de Cuyo Department,2020-02-17,4.0,0.0,-10.0,-1.0,19.0,-2.0
60089,Luján de Cuyo Department,2020-02-18,4.0,-3.0,-12.0,-1.0,19.0,-2.0
60090,Luján de Cuyo Department,2020-02-19,1.0,-1.0,-9.0,-2.0,18.0,-2.0
60091,Luján de Cuyo Department,2020-02-20,-1.0,-1.0,-10.0,-1.0,19.0,-2.0
60092,Luján de Cuyo Department,2020-02-21,4.0,-1.0,-11.0,0.0,17.0,-2.0
60093,Luján de Cuyo Department,2020-02-22,16.0,5.0,7.0,7.0,4.0,-2.0
60094,Luján de Cuyo Department,2020-02-23,25.0,5.0,25.0,11.0,-4.0,-1.0
60095,Luján de Cuyo Department,2020-02-24,14.0,-8.0,49.0,-2.0,-61.0,7.0
60096,Luján de Cuyo Department,2020-02-25,-11.0,-10.0,0.0,-12.0,-57.0,10.0
60097,Luján de Cuyo Department,2020-02-26,0.0,5.0,-14.0,-4.0,28.0,-4.0
60098,Luján de Cuyo Department,2020-02-27,-1.0,6.0,-19.0,-3.0,31.0,-2.0
60099,Luján de Cuyo Department,2020-02-28,2.0,-1.0,-20.0,0.0,30.0,-3.0
60100,Luján de Cuyo Department,2020-02-29,9.0,4.0,-13.0,1.0,7.0,1.0
60101,Luján de Cuyo Department,2020-03-01,-2.0,0.0,-15.0,-7.0,-4.0,3.0
60102,Luján de Cuyo Department,2020-03-02,4.0,1.0,-20.0,3.0,36.0,-4.0
60103,Luján de Cuyo Department,2020-03-03,-1.0,-2.0,-24.0,-1.0,36.0,-3.0
60104,Luján de Cuyo Department,2020-03-04,-1.0,-2.0,-24.0,-2.0,34.0,-4.0
60105,Luján de Cuyo Department,2020-03-05,1.0,2.0,-13.0,1.0,35.0,-4.0
60106,Luján de Cuyo Department,2020-03-06,9.0,5.0,-7.0,4.0,33.0,-5.0
60107,Luján de Cuyo Department,2020-03-07,10.0,8.0,-6.0,5.0,6.0,1.0
60108,Luján de Cuyo Department,2020-03-08,8.0,5.0,-10.0,-2.0,-1.0,2.0
60109,Luján de Cuyo Department,2020-03-09,8.0,3.0,-14.0,6.0,36.0,-5.0
60110,Luján de Cuyo Department,2020-03-10,4.0,3.0,-17.0,2.0,39.0,-4.0
60111,Luján de Cuyo Department,2020-03-11,3.0,5.0,-24.0,0.0,35.0,-4.0
60112,Luján de Cuyo Department,2020-03-12,2.0,8.0,-27.0,3.0,35.0,-4.0
60113,Luján de Cuyo Department,2020-03-13,3.0,7.0,-26.0,4.0,33.0,-3.0
60114,Luján de Cuyo Department,2020-03-14,-3.0,10.0,-25.0,-3.0,9.0,3.0
60115,Luján de Cuyo Department,2020-03-15,-15.0,8.0,-34.0,-9.0,-2.0,5.0
60116,Luján de Cuyo Department,2020-03-16,-16.0,11.0,-37.0,-13.0,6.0,7.0
60117,Luján de Cuyo Department,2020-03-17,-28.0,-7.0,-51.0,-22.0,-7.0,11.0
60118,Luján de Cuyo Department,2020-03-18,-32.0,-8.0,-57.0,-29.0,-15.0,14.0
60119,Luján de Cuyo Department,2020-03-19,-29.0,12.0,-58.0,-28.0,-20.0,14.0
60120,Luján de Cuyo Department,2020-03-20,-69.0,-36.0,-81.0,-60.0,-57.0,32.0
60121,Luján de Cuyo Department,2020-03-21,-76.0,-43.0,-85.0,-68.0,-51.0,28.0
60122,Luján de Cuyo Department,2020-03-22,-84.0,-61.0,-92.0,-78.0,-55.0,28.0
60123,Luján de Cuyo Department,2020-03-23,-80.0,-58.0,-88.0,-72.0,-80.0,33.0
60124,Luján de Cuyo Department,2020-03-24,-82.0,-60.0,-89.0,-75.0,-81.0,35.0
60125,Luján de Cuyo Department,2020-03-25,-76.0,-46.0,-84.0,-71.0,-67.0,33.0
60126,Luján de Cuyo Department,2020-03-26,-72.0,-44.0,-83.0,-68.0,-67.0,33.0
60127,Luján de Cuyo Department,2020-03-27,-71.0,-44.0,-79.0,-65.0,-63.0,35.0
60128,Luján de Cuyo Department,2020-03-28,-73.0,-45.0,-83.0,-69.0,-53.0,29.0
60129,Luján de Cuyo Department,2020-03-29,-81.0,-58.0,-89.0,-76.0,-52.0,27.0
60130,Luján de Cuyo Department,2020-03-30,-71.0,-45.0,-78.0,-65.0,-66.0,29.0
60131,Luján de Cuyo Department,2020-03-31,-79.0,-55.0,-82.0,-71.0,-78.0,33.0
60132,Luján de Cuyo Department,2020-04-01,-70.0,-40.0,-79.0,-66.0,-62.0,30.0
60133,Luján de Cuyo Department,2020-04-02,-70.0,-39.0,-77.0,-65.0,-62.0,31.0
60134,Luján de Cuyo Department,2020-04-03,-68.0,-39.0,-74.0,-61.0,-60.0,34.0
60135,Luján de Cuyo Department,2020-04-04,-71.0,-40.0,-82.0,-65.0,-50.0,28.0
60136,Luján de Cuyo Department,2020-04-05,-80.0,-53.0,-88.0,-75.0,-49.0,27.0
60137,Luján de Cuyo Department,2020-04-06,-63.0,-37.0,-71.0,-56.0,-57.0,27.0
60138,Luján de Cuyo Department,2020-04-07,-74.0,-26.0,-71.0,-56.0,-57.0,28.0
60139,Luján de Cuyo Department,2020-04-08,-72.0,-21.0,-71.0,-55.0,-56.0,28.0
60140,Luján de Cuyo Department,2020-04-09,-73.0,-17.0,-78.0,-56.0,-64.0,31.0
60141,Luján de Cuyo Department,2020-04-10,-87.0,-64.0,-89.0,-76.0,-81.0,41.0
60142,Luján de Cuyo Department,2020-04-11,-77.0,-27.0,-81.0,-62.0,-46.0,28.0
60143,Luján de Cuyo Department,2020-04-12,-85.0,-52.0,-90.0,-72.0,-49.0,26.0
60144,Luján de Cuyo Department,2020-04-13,-72.0,-32.0,-72.0,-54.0,-51.0,26.0
60145,Luján de Cuyo Department,2020-04-14,-73.0,-27.0,-73.0,-53.0,-51.0,27.0
60146,Luján de Cuyo Department,2020-04-15,-73.0,-29.0,-75.0,-55.0,-51.0,28.0
60147,Luján de Cuyo Department,2020-04-16,-73.0,-27.0,-97.0,-51.0,-51.0,28.0
60148,Luján de Cuyo Department,2020-04-17,-73.0,-29.0,-96.0,-52.0,-50.0,31.0
60149,Luján de Cuyo Department,2020-04-18,-79.0,-31.0,-97.0,-56.0,-42.0,27.0
60150,Luján de Cuyo Department,2020-04-19,-85.0,-51.0,-100.0,-70.0,-48.0,26.0
60151,Luján de Cuyo Department,2020-04-20,-72.0,-33.0,-96.0,-50.0,-48.0,25.0
60152,Luján de Cuyo Department,2020-04-21,-73.0,-30.0,-97.0,-50.0,-48.0,27.0
60153,Luján de Cuyo Department,2020-04-22,-73.0,-27.0,-96.0,-52.0,-47.0,28.0
60154,Luján de Cuyo Department,2020-04-23,-74.0,-30.0,-96.0,-51.0,-46.0,28.0
60155,Luján de Cuyo Department,2020-04-24,-73.0,-27.0,-97.0,-49.0,-46.0,31.0
60156,Luján de Cuyo Department,2020-04-25,-78.0,-28.0,-97.0,-55.0,-39.0,26.0
60157,Luján de Cuyo Department,2020-04-26,-83.0,-51.0,-98.0,-68.0,-45.0,26.0
60158,Luján de Cuyo Department,2020-04-27,-73.0,-34.0,-95.0,-49.0,-42.0,24.0
60159,Luján de Cuyo Department,2020-04-28,-72.0,-31.0,-95.0,-48.0,-42.0,25.0
60160,Luján de Cuyo Department,2020-04-29,-71.0,-29.0,-95.0,-48.0,-42.0,26.0
60161,Luján de Cuyo Department,2020-04-30,-62.0,-10.0,-95.0,-41.0,-41.0,24.0
60162,Luján de Cuyo Department,2020-05-01,-88.0,-77.0,-97.0,-68.0,-79.0,38.0
60163,Luján de Cuyo Department,2020-05-02,-73.0,-28.0,-96.0,-53.0,-33.0,25.0
60164,Luján de Cuyo Department,2020-05-03,-79.0,-44.0,-97.0,-64.0,-38.0,24.0
60165,Luján de Cuyo Department,2020-05-04,-63.0,-32.0,-94.0,-43.0,-39.0,22.0
60166,Luján de Cuyo Department,2020-05-05,-64.0,-25.0,-95.0,-44.0,-38.0,24.0
60167,Luján de Cuyo Department,2020-05-06,-63.0,-25.0,-96.0,-43.0,-39.0,24.0
60168,Luján de Cuyo Department,2020-05-07,-62.0,-19.0,-95.0,-39.0,-37.0,25.0
60169,Luján de Cuyo Department,2020-05-08,-61.0,-22.0,-96.0,-39.0,-35.0,27.0
60170,Luján de Cuyo Department,2020-05-09,-67.0,-21.0,-96.0,-43.0,-27.0,23.0
60171,Luján de Cuyo Department,2020-05-10,-76.0,-37.0,-97.0,-56.0,-33.0,22.0
60172,Luján de Cuyo Department,2020-05-11,-59.0,-31.0,-95.0,-36.0,-32.0,21.0
60173,Luján de Cuyo Department,2020-05-12,-58.0,-19.0,-95.0,-34.0,-32.0,22.0
60174,Luján de Cuyo Department,2020-05-13,-58.0,-21.0,-94.0,-37.0,-30.0,23.0
60175,Luján de Cuyo Department,2020-05-14,-57.0,-18.0,-95.0,-36.0,-29.0,22.0
60176,Luján de Cuyo Department,2020-05-15,-57.0,-18.0,-94.0,-36.0,-27.0,24.0
60177,Luján de Cuyo Department,2020-05-16,-62.0,-19.0,-95.0,-37.0,-18.0,21.0
60178,Luján de Cuyo Department,2020-05-17,-74.0,-34.0,-95.0,-51.0,-26.0,20.0
60179,Luján de Cuyo Department,2020-05-18,-55.0,-31.0,-94.0,-32.0,-25.0,19.0
60180,Luján de Cuyo Department,2020-05-19,-54.0,-20.0,-95.0,-30.0,-24.0,20.0
60181,Luján de Cuyo Department,2020-05-20,-54.0,-20.0,-95.0,-34.0,-25.0,21.0
60182,Luján de Cuyo Department,2020-05-21,-60.0,-23.0,-96.0,-47.0,-30.0,24.0
60183,Luján de Cuyo Department,2020-05-22,-56.0,-20.0,-95.0,-38.0,-24.0,24.0
60184,Luján de Cuyo Department,2020-05-23,-56.0,-7.0,-95.0,-29.0,-10.0,18.0
60185,Luján de Cuyo Department,2020-05-24,-65.0,-22.0,-94.0,-36.0,-12.0,14.0
60186,Luján de Cuyo Department,2020-05-25,-69.0,-44.0,-94.0,-34.0,-68.0,21.0
60187,Luján de Cuyo Department,2020-05-26,-54.0,-28.0,-94.0,-34.0,-21.0,20.0
60188,Luján de Cuyo Department,2020-05-27,-51.0,-21.0,-95.0,-31.0,-21.0,20.0
60189,Luján de Cuyo Department,2020-05-28,-50.0,-18.0,-94.0,-31.0,-21.0,20.0
60190,Luján de Cuyo Department,2020-05-29,-51.0,-16.0,-95.0,-30.0,-20.0,21.0
60191,Luján de Cuyo Department,2020-05-30,-52.0,-10.0,-94.0,-27.0,-7.0,16.0
60192,Luján de Cuyo Department,2020-05-31,-63.0,-28.0,-95.0,-39.0,-9.0,15.0
60193,Luján de Cuyo Department,2020-06-01,-50.0,-27.0,-95.0,-32.0,-18.0,18.0
60194,Luján de Cuyo Department,2020-06-02,-50.0,-19.0,-95.0,-30.0,-18.0,19.0
60195,Luján de Cuyo Department,2020-06-03,-60.0,-35.0,-97.0,-50.0,-26.0,23.0
60196,Luján de Cuyo Department,2020-06-04,-51.0,-16.0,-95.0,-30.0,-20.0,20.0
60197,Luján de Cuyo Department,2020-06-05,-47.0,-12.0,-94.0,-29.0,-16.0,20.0
60198,Luján de Cuyo Department,2020-06-06,-46.0,-5.0,-94.0,-20.0,-5.0,14.0
60199,Luján de Cuyo Department,2020-06-07,-57.0,-22.0,-94.0,-33.0,-4.0,13.0
60200,Luján de Cuyo Department,2020-06-08,-45.0,-23.0,-95.0,-27.0,-16.0,17.0
60201,Luján de Cuyo Department,2020-06-09,-43.0,-10.0,-94.0,-27.0,-14.0,16.0
60202,Luján de Cuyo Department,2020-06-10,-42.0,-7.0,-93.0,-24.0,-14.0,16.0
60203,Luján de Cuyo Department,2020-06-11,-43.0,-8.0,-94.0,-27.0,-15.0,16.0
60204,Luján de Cuyo Department,2020-06-12,-40.0,-6.0,-93.0,-21.0,-13.0,17.0
60205,Luján de Cuyo Department,2020-06-13,-38.0,7.0,-90.0,-16.0,0.0,12.0
60206,Luján de Cuyo Department,2020-06-14,-48.0,-12.0,-86.0,-29.0,1.0,11.0
60207,Luján de Cuyo Department,2020-06-15,-51.0,-29.0,-80.0,-31.0,-62.0,21.0
60208,Luján de Cuyo Department,2020-06-16,-39.0,-9.0,-94.0,-24.0,-13.0,15.0
60209,Luján de Cuyo Department,2020-06-17,-42.0,-8.0,-93.0,-27.0,-14.0,16.0
60210,Luján de Cuyo Department,2020-06-18,-47.0,-18.0,-94.0,-33.0,-16.0,18.0
60211,Luján de Cuyo Department,2020-06-19,-43.0,-11.0,-93.0,-29.0,-14.0,19.0
60212,Luján de Cuyo Department,2020-06-20,-44.0,-4.0,-92.0,-28.0,-12.0,17.0
60213,Luján de Cuyo Department,2020-06-21,-58.0,-31.0,-94.0,-30.0,22.0,11.0
60214,Luján de Cuyo Department,2020-06-22,-45.0,-30.0,-94.0,-31.0,-18.0,17.0
60215,Luján de Cuyo Department,2020-06-23,-45.0,-22.0,-94.0,-31.0,-17.0,18.0
60216,Luján de Cuyo Department,2020-06-24,-51.0,-26.0,-96.0,-39.0,-18.0,20.0
60217,Luján de Cuyo Department,2020-06-25,-45.0,-17.0,-95.0,-30.0,-15.0,18.0
60218,Luján de Cuyo Department,2020-06-26,-43.0,-20.0,-95.0,-30.0,-14.0,20.0
60219,Luján de Cuyo Department,2020-06-27,-44.0,-13.0,-90.0,-24.0,-3.0,16.0
60220,Luján de Cuyo Department,2020-06-28,-57.0,-32.0,-91.0,-44.0,-5.0,16.0
60221,Luján de Cuyo Department,2020-06-29,-44.0,-30.0,-94.0,-32.0,-15.0,16.0
60222,Luján de Cuyo Department,2020-06-30,-41.0,-17.0,-94.0,-29.0,-14.0,17.0
60223,Luján de Cuyo Department,2020-07-01,-41.0,-16.0,-94.0,-31.0,-14.0,17.0
60224,Luján de Cuyo Department,2020-07-02,-39.0,-16.0,-93.0,-26.0,-15.0,17.0
60225,Luján de Cuyo Department,2020-07-03,-37.0,-13.0,-93.0,-26.0,-13.0,18.0
60226,Luján de Cuyo Department,2020-07-04,-47.0,-16.0,-92.0,-36.0,-7.0,17.0
60227,Luján de Cuyo Department,2020-07-05,-43.0,-19.0,-75.0,-35.0,-3.0,14.0
60228,Luján de Cuyo Department,2020-07-06,-43.0,-23.0,-92.0,-36.0,-18.0,17.0
60229,Luján de Cuyo Department,2020-07-07,-38.0,-11.0,-93.0,-29.0,-15.0,16.0
60230,Luján de Cuyo Department,2020-07-08,-34.0,-7.0,-92.0,-29.0,-13.0,15.0
60231,Luján de Cuyo Department,2020-07-09,-52.0,-28.0,-88.0,-34.0,-62.0,25.0
60232,Luján de Cuyo Department,2020-07-10,-45.0,-20.0,-88.0,-34.0,-52.0,26.0
60233,Luján de Cuyo Department,2020-07-11,-36.0,-8.0,-88.0,-27.0,-6.0,16.0
60234,Luján de Cuyo Department,2020-07-12,-49.0,-27.0,-86.0,-31.0,-1.0,13.0
60235,Luján de Cuyo Department,2020-07-13,-41.0,-23.0,-92.0,-28.0,-17.0,16.0
60236,Luján de Cuyo Department,2020-07-14,-36.0,-13.0,-92.0,-27.0,-16.0,16.0
60237,Luján de Cuyo Department,2020-07-15,-33.0,-12.0,-91.0,-25.0,-15.0,16.0
60238,Luján de Cuyo Department,2020-07-16,-34.0,-10.0,-91.0,-24.0,-14.0,16.0
60239,Luján de Cuyo Department,2020-07-17,-35.0,-10.0,-92.0,-23.0,-14.0,18.0
60240,Luján de Cuyo Department,2020-07-18,-33.0,-8.0,-90.0,-26.0,-3.0,15.0
60241,Luján de Cuyo Department,2020-07-19,-42.0,-22.0,-89.0,-33.0,2.0,13.0
60242,Luján de Cuyo Department,2020-07-20,-27.0,-19.0,-93.0,-21.0,-12.0,14.0
60243,Luján de Cuyo Department,2020-07-21,-43.0,-21.0,-94.0,-33.0,-18.0,17.0
60244,Luján de Cuyo Department,2020-07-22,-48.0,-24.0,-95.0,-40.0,-21.0,20.0
60245,Luján de Cuyo Department,2020-07-23,-42.0,-16.0,-92.0,-33.0,-18.0,18.0
60246,Luján de Cuyo Department,2020-07-24,-40.0,-14.0,-92.0,-29.0,-16.0,20.0
60247,Luján de Cuyo Department,2020-07-25,-39.0,-10.0,-89.0,-29.0,-16.0,18.0
60248,Luján de Cuyo Department,2020-07-26,-46.0,-21.0,-86.0,-37.0,-3.0,15.0
60249,Luján de Cuyo Department,2020-07-27,-40.0,-23.0,-93.0,-29.0,-18.0,16.0
60250,Luján de Cuyo Department,2020-07-28,-39.0,-13.0,-93.0,-24.0,-18.0,17.0
60251,Luján de Cuyo Department,2020-07-29,-38.0,-15.0,-93.0,-28.0,-17.0,17.0
60252,Luján de Cuyo Department,2020-07-30,-37.0,-14.0,-91.0,-30.0,-18.0,18.0
60253,Luján de Cuyo Department,2020-07-31,-35.0,-9.0,-91.0,-27.0,-16.0,19.0
60254,Luján de Cuyo Department,2020-08-01,-31.0,-1.0,-87.0,-26.0,-4.0,15.0
60255,Luján de Cuyo Department,2020-08-02,-40.0,-17.0,-85.0,-33.0,-3.0,14.0
60256,Luján de Cuyo Department,2020-08-03,-35.0,-17.0,-91.0,-27.0,-18.0,16.0
60257,Luján de Cuyo Department,2020-08-04,-37.0,-11.0,-91.0,-29.0,-18.0,17.0
60258,Luján de Cuyo Department,2020-08-05,-37.0,-9.0,-91.0,-32.0,-17.0,17.0
60259,Luján de Cuyo Department,2020-08-06,-38.0,-8.0,-92.0,-31.0,-19.0,18.0
60260,Luján de Cuyo Department,2020-08-07,-36.0,-11.0,-91.0,-30.0,-17.0,19.0
60261,Luján de Cuyo Department,2020-08-08,-30.0,-5.0,-88.0,-27.0,-6.0,16.0
60262,Luján de Cuyo Department,2020-08-09,-37.0,-18.0,-83.0,-39.0,-12.0,16.0
60263,Luján de Cuyo Department,2020-08-10,-32.0,-15.0,-91.0,-26.0,-17.0,16.0
60264,Luján de Cuyo Department,2020-08-11,-35.0,-8.0,-91.0,-28.0,-18.0,16.0
60265,Luján de Cuyo Department,2020-08-12,-34.0,-9.0,-91.0,-31.0,-18.0,17.0
60266,Luján de Cuyo Department,2020-08-13,-32.0,-4.0,-91.0,-28.0,-17.0,17.0
60267,Luján de Cuyo Department,2020-08-14,-30.0,-6.0,-91.0,-26.0,-15.0,18.0
60268,Luján de Cuyo Department,2020-08-15,-23.0,10.0,-86.0,-25.0,-4.0,15.0
60269,Luján de Cuyo Department,2020-08-16,-34.0,-10.0,-86.0,-33.0,1.0,14.0
60270,Luján de Cuyo Department,2020-08-17,-40.0,-33.0,-80.0,-33.0,-66.0,23.0
60271,Luján de Cuyo Department,2020-08-18,-33.0,-9.0,-91.0,-31.0,-16.0,17.0
60272,Luján de Cuyo Department,2020-08-19,-39.0,-14.0,-93.0,-38.0,-21.0,19.0
60273,Luján de Cuyo Department,2020-08-20,-33.0,-9.0,-90.0,-32.0,-19.0,18.0
60274,Luján de Cuyo Department,2020-08-21,-31.0,-9.0,-90.0,-28.0,-16.0,19.0
60275,Luján de Cuyo Department,2020-08-22,-25.0,2.0,-85.0,-30.0,-4.0,15.0
60276,Luján de Cuyo Department,2020-08-23,-34.0,-15.0,-83.0,-39.0,-11.0,15.0
60277,Luján de Cuyo Department,2020-08-24,-28.0,-12.0,-88.0,-25.0,-17.0,16.0
60278,Luján de Cuyo Department,2020-08-25,-29.0,-5.0,-90.0,-28.0,-19.0,16.0
60279,Luján de Cuyo Department,2020-08-26,-33.0,-11.0,-89.0,-33.0,-18.0,18.0
60280,Luján de Cuyo Department,2020-08-27,-29.0,-4.0,-82.0,-30.0,-18.0,17.0
60281,Luján de Cuyo Department,2020-08-28,-28.0,-8.0,-83.0,-28.0,-18.0,19.0
60282,Luján de Cuyo Department,2020-08-29,-23.0,-2.0,-77.0,-35.0,-6.0,16.0
60283,Luján de Cuyo Department,2020-08-30,-36.0,-15.0,-80.0,-42.0,-12.0,16.0
60284,Luján de Cuyo Department,2020-08-31,-27.0,-13.0,-81.0,-31.0,-20.0,16.0
60285,Luján de Cuyo Department,2020-09-01,-29.0,-7.0,-84.0,-31.0,-22.0,18.0
60286,Luján de Cuyo Department,2020-09-02,-30.0,-3.0,-71.0,-33.0,-22.0,18.0
60287,Luján de Cuyo Department,2020-09-03,-30.0,0.0,-70.0,-34.0,-23.0,18.0
60288,Luján de Cuyo Department,2020-09-04,-32.0,-1.0,-68.0,-35.0,-21.0,20.0
60289,Luján de Cuyo Department,2020-09-05,-30.0,4.0,-64.0,-37.0,-10.0,17.0
60290,Luján de Cuyo Department,2020-09-06,-38.0,-9.0,-77.0,-47.0,-18.0,17.0
60291,Maipú Department,2020-02-15,9.0,-10.0,18.0,-2.0,0.0,0.0
60292,Maipú Department,2020-02-16,5.0,-7.0,-4.0,5.0,-2.0,1.0
60293,Maipú Department,2020-02-17,6.0,2.0,5.0,4.0,17.0,-2.0
60294,Maipú Department,2020-02-18,5.0,-3.0,8.0,5.0,16.0,-1.0
60295,Maipú Department,2020-02-19,2.0,-5.0,0.0,2.0,15.0,-2.0
60296,Maipú Department,2020-02-20,3.0,3.0,-1.0,3.0,16.0,-2.0
60297,Maipú Department,2020-02-21,1.0,1.0,-5.0,2.0,14.0,-2.0
60298,Maipú Department,2020-02-22,12.0,6.0,9.0,1.0,1.0,0.0
60299,Maipú Department,2020-02-23,10.0,4.0,17.0,13.0,-1.0,0.0
60300,Maipú Department,2020-02-24,-25.0,-13.0,-2.0,-15.0,-57.0,6.0
60301,Maipú Department,2020-02-25,-26.0,-12.0,-5.0,-14.0,-52.0,8.0
60302,Maipú Department,2020-02-26,4.0,7.0,1.0,4.0,26.0,-3.0
60303,Maipú Department,2020-02-27,1.0,6.0,-2.0,2.0,27.0,-2.0
60304,Maipú Department,2020-02-28,2.0,2.0,-8.0,1.0,26.0,-2.0
60305,Maipú Department,2020-02-29,13.0,8.0,4.0,-2.0,5.0,2.0
60306,Maipú Department,2020-03-01,1.0,10.0,-5.0,6.0,-1.0,3.0
60307,Maipú Department,2020-03-02,13.0,12.0,20.0,8.0,34.0,-4.0
60308,Maipú Department,2020-03-03,5.0,6.0,2.0,3.0,33.0,-3.0
60309,Maipú Department,2020-03-04,3.0,6.0,-1.0,3.0,33.0,-3.0
60310,Maipú Department,2020-03-05,3.0,11.0,2.0,2.0,32.0,-3.0
60311,Maipú Department,2020-03-06,8.0,7.0,10.0,4.0,31.0,-4.0
60312,Maipú Department,2020-03-07,14.0,9.0,14.0,0.0,6.0,1.0
60313,Maipú Department,2020-03-08,15.0,16.0,11.0,7.0,3.0,2.0
60314,Maipú Department,2020-03-09,15.0,14.0,33.0,12.0,34.0,-4.0
60315,Maipú Department,2020-03-10,7.0,10.0,-1.0,10.0,35.0,-4.0
60316,Maipú Department,2020-03-11,4.0,10.0,-4.0,7.0,34.0,-3.0
60317,Maipú Department,2020-03-12,1.0,17.0,-2.0,5.0,34.0,-3.0
60318,Maipú Department,2020-03-13,2.0,12.0,-1.0,6.0,31.0,-3.0
60319,Maipú Department,2020-03-14,1.0,15.0,-13.0,3.0,6.0,3.0
60320,Maipú Department,2020-03-15,-7.0,22.0,-15.0,2.0,-2.0,6.0
60321,Maipú Department,2020-03-16,-11.0,19.0,-18.0,-13.0,7.0,6.0
60322,Maipú Department,2020-03-17,-24.0,0.0,-41.0,-23.0,-4.0,10.0
60323,Maipú Department,2020-03-18,-29.0,-3.0,-44.0,-27.0,-12.0,12.0
60324,Maipú Department,2020-03-19,-26.0,14.0,-41.0,-26.0,-17.0,12.0
60325,Maipú Department,2020-03-20,-65.0,-30.0,-71.0,-57.0,-50.0,28.0
60326,Maipú Department,2020-03-21,-72.0,-40.0,-77.0,-66.0,-47.0,28.0
60327,Maipú Department,2020-03-22,-79.0,-55.0,-85.0,-76.0,-49.0,29.0
60328,Maipú Department,2020-03-23,-79.0,-60.0,-82.0,-73.0,-75.0,31.0
60329,Maipú Department,2020-03-24,-80.0,-60.0,-84.0,-73.0,-76.0,33.0
60330,Maipú Department,2020-03-25,-73.0,-47.0,-78.0,-68.0,-60.0,30.0
60331,Maipú Department,2020-03-26,-69.0,-43.0,-75.0,-65.0,-59.0,29.0
60332,Maipú Department,2020-03-27,-67.0,-43.0,-71.0,-63.0,-58.0,31.0
60333,Maipú Department,2020-03-28,-69.0,-45.0,-75.0,-66.0,-48.0,29.0
60334,Maipú Department,2020-03-29,-74.0,-48.0,-83.0,-71.0,-44.0,28.0
60335,Maipú Department,2020-03-30,-65.0,-41.0,-72.0,-62.0,-58.0,26.0
60336,Maipú Department,2020-03-31,-76.0,-54.0,-79.0,-69.0,-72.0,31.0
60337,Maipú Department,2020-04-01,-65.0,-38.0,-74.0,-61.0,-55.0,27.0
60338,Maipú Department,2020-04-02,-66.0,-37.0,-72.0,-61.0,-54.0,28.0
60339,Maipú Department,2020-04-03,-63.0,-36.0,-69.0,-57.0,-53.0,30.0
60340,Maipú Department,2020-04-04,-64.0,-34.0,-70.0,-61.0,-44.0,27.0
60341,Maipú Department,2020-04-05,-72.0,-42.0,-80.0,-69.0,-44.0,27.0
60342,Maipú Department,2020-04-06,-55.0,-32.0,-61.0,-54.0,-49.0,24.0
60343,Maipú Department,2020-04-07,-69.0,-25.0,-63.0,-49.0,-49.0,24.0
60344,Maipú Department,2020-04-08,-67.0,-18.0,-60.0,-47.0,-49.0,24.0
60345,Maipú Department,2020-04-09,-71.0,-16.0,-64.0,-49.0,-55.0,27.0
60346,Maipú Department,2020-04-10,-89.0,-64.0,-82.0,-73.0,-79.0,39.0
60347,Maipú Department,2020-04-11,-76.0,-25.0,-69.0,-57.0,-44.0,27.0
60348,Maipú Department,2020-04-12,-80.0,-36.0,-81.0,-64.0,-41.0,27.0
60349,Maipú Department,2020-04-13,-68.0,-31.0,-58.0,-48.0,-44.0,22.0
60350,Maipú Department,2020-04-14,-68.0,-26.0,-61.0,-48.0,-44.0,23.0
60351,Maipú Department,2020-04-15,-70.0,-27.0,-66.0,-47.0,-44.0,24.0
60352,Maipú Department,2020-04-16,-74.0,-21.0,-95.0,-43.0,-43.0,24.0
60353,Maipú Department,2020-04-17,-75.0,-24.0,-96.0,-44.0,-44.0,28.0
60354,Maipú Department,2020-04-18,-78.0,-24.0,-96.0,-50.0,-36.0,25.0
60355,Maipú Department,2020-04-19,-82.0,-37.0,-96.0,-62.0,-41.0,27.0
60356,Maipú Department,2020-04-20,-72.0,-26.0,-95.0,-42.0,-40.0,22.0
60357,Maipú Department,2020-04-21,-74.0,-26.0,-96.0,-43.0,-41.0,23.0
60358,Maipú Department,2020-04-22,-73.0,-23.0,-95.0,-43.0,-40.0,24.0
60359,Maipú Department,2020-04-23,-74.0,-21.0,-95.0,-42.0,-40.0,24.0
60360,Maipú Department,2020-04-24,-74.0,-23.0,-96.0,-43.0,-40.0,27.0
60361,Maipú Department,2020-04-25,-78.0,-21.0,-96.0,-46.0,-33.0,25.0
60362,Maipú Department,2020-04-26,-81.0,-36.0,-97.0,-56.0,-34.0,26.0
60363,Maipú Department,2020-04-27,-71.0,-26.0,-96.0,-38.0,-36.0,21.0
60364,Maipú Department,2020-04-28,-73.0,-25.0,-95.0,-38.0,-37.0,22.0
60365,Maipú Department,2020-04-29,-71.0,-22.0,-95.0,-38.0,-36.0,22.0
60366,Maipú Department,2020-04-30,-65.0,-2.0,-96.0,-30.0,-35.0,21.0
60367,Maipú Department,2020-05-01,-89.0,-71.0,-97.0,-62.0,-75.0,35.0
60368,Maipú Department,2020-05-02,-74.0,-24.0,-95.0,-44.0,-31.0,24.0
60369,Maipú Department,2020-05-03,-77.0,-31.0,-96.0,-52.0,-31.0,24.0
60370,Maipú Department,2020-05-04,-65.0,-22.0,-94.0,-34.0,-32.0,19.0
60371,Maipú Department,2020-05-05,-68.0,-20.0,-95.0,-38.0,-34.0,21.0
60372,Maipú Department,2020-05-06,-67.0,-17.0,-95.0,-30.0,-33.0,21.0
60373,Maipú Department,2020-05-07,-67.0,-13.0,-94.0,-28.0,-32.0,21.0
60374,Maipú Department,2020-05-08,-67.0,-14.0,-95.0,-29.0,-31.0,23.0
60375,Maipú Department,2020-05-09,-68.0,-12.0,-95.0,-30.0,-22.0,21.0
60376,Maipú Department,2020-05-10,-74.0,-22.0,-96.0,-42.0,-25.0,22.0
60377,Maipú Department,2020-05-11,-62.0,-21.0,-94.0,-26.0,-26.0,18.0
60378,Maipú Department,2020-05-12,-64.0,-15.0,-95.0,-23.0,-27.0,19.0
60379,Maipú Department,2020-05-13,-62.0,-12.0,-95.0,-25.0,-27.0,19.0
60380,Maipú Department,2020-05-14,-63.0,-11.0,-95.0,-25.0,-25.0,20.0
60381,Maipú Department,2020-05-15,-63.0,-8.0,-95.0,-23.0,-24.0,21.0
60382,Maipú Department,2020-05-16,-66.0,-10.0,-94.0,-24.0,-16.0,20.0
60383,Maipú Department,2020-05-17,-72.0,-19.0,-95.0,-35.0,-19.0,21.0
60384,Maipú Department,2020-05-18,-59.0,-17.0,-93.0,-20.0,-21.0,17.0
60385,Maipú Department,2020-05-19,-60.0,-9.0,-93.0,-19.0,-21.0,17.0
60386,Maipú Department,2020-05-20,-61.0,-11.0,-94.0,-25.0,-23.0,18.0
60387,Maipú Department,2020-05-21,-65.0,-11.0,-96.0,-36.0,-26.0,21.0
60388,Maipú Department,2020-05-22,-64.0,-12.0,-94.0,-26.0,-22.0,21.0
60389,Maipú Department,2020-05-23,-62.0,-2.0,-94.0,-18.0,-10.0,17.0
60390,Maipú Department,2020-05-24,-65.0,-8.0,-94.0,-14.0,-6.0,15.0
60391,Maipú Department,2020-05-25,-77.0,-41.0,-92.0,-22.0,-62.0,19.0
60392,Maipú Department,2020-05-26,-61.0,-17.0,-94.0,-23.0,-19.0,17.0
60393,Maipú Department,2020-05-27,-59.0,-9.0,-93.0,-19.0,-18.0,17.0
60394,Maipú Department,2020-05-28,-58.0,-3.0,-93.0,-17.0,-18.0,18.0
60395,Maipú Department,2020-05-29,-58.0,-7.0,-94.0,-17.0,-16.0,19.0
60396,Maipú Department,2020-05-30,-60.0,-1.0,-94.0,-15.0,-6.0,16.0
60397,Maipú Department,2020-05-31,-66.0,-14.0,-93.0,-18.0,-7.0,16.0
60398,Maipú Department,2020-06-01,-55.0,-12.0,-93.0,-19.0,-16.0,16.0
60399,Maipú Department,2020-06-02,-58.0,-7.0,-94.0,-17.0,-15.0,16.0
60400,Maipú Department,2020-06-03,-66.0,-26.0,-95.0,-39.0,-21.0,21.0
60401,Maipú Department,2020-06-04,-59.0,-3.0,-92.0,-19.0,-15.0,17.0
60402,Maipú Department,2020-06-05,-55.0,-4.0,-88.0,-18.0,-14.0,18.0
60403,Maipú Department,2020-06-06,-54.0,2.0,-86.0,-8.0,-2.0,14.0
60404,Maipú Department,2020-06-07,-61.0,-4.0,-84.0,-13.0,1.0,14.0
60405,Maipú Department,2020-06-08,-52.0,-11.0,-84.0,-15.0,-13.0,14.0
60406,Maipú Department,2020-06-09,-50.0,2.0,-84.0,-11.0,-12.0,14.0
60407,Maipú Department,2020-06-10,-49.0,2.0,-84.0,-10.0,-12.0,14.0
60408,Maipú Department,2020-06-11,-49.0,5.0,-86.0,-13.0,-13.0,15.0
60409,Maipú Department,2020-06-12,-49.0,6.0,-85.0,-9.0,-11.0,14.0
60410,Maipú Department,2020-06-13,-46.0,14.0,-84.0,-4.0,-1.0,12.0
60411,Maipú Department,2020-06-14,-56.0,-1.0,-85.0,-7.0,4.0,12.0
60412,Maipú Department,2020-06-15,-69.0,-26.0,-79.0,-24.0,-56.0,19.0
60413,Maipú Department,2020-06-16,-49.0,-1.0,-86.0,-17.0,-12.0,14.0
60414,Maipú Department,2020-06-17,-51.0,-3.0,-87.0,-19.0,-14.0,16.0
60415,Maipú Department,2020-06-18,-56.0,-8.0,-88.0,-28.0,-16.0,17.0
60416,Maipú Department,2020-06-19,-53.0,2.0,-90.0,-24.0,-15.0,18.0
60417,Maipú Department,2020-06-20,-55.0,7.0,-88.0,-23.0,-18.0,18.0
60418,Maipú Department,2020-06-21,-60.0,-8.0,-85.0,-16.0,20.0,13.0
60419,Maipú Department,2020-06-22,-52.0,-20.0,-85.0,-25.0,-17.0,16.0
60420,Maipú Department,2020-06-23,-53.0,-9.0,-89.0,-22.0,-15.0,16.0
60421,Maipú Department,2020-06-24,-57.0,-15.0,-90.0,-27.0,-17.0,18.0
60422,Maipú Department,2020-06-25,-55.0,-9.0,-88.0,-23.0,-15.0,17.0
60423,Maipú Department,2020-06-26,-54.0,-9.0,-88.0,-23.0,-13.0,18.0
60424,Maipú Department,2020-06-27,-53.0,-7.0,-88.0,-20.0,-4.0,16.0
60425,Maipú Department,2020-06-28,-66.0,-19.0,-89.0,-33.0,-5.0,18.0
60426,Maipú Department,2020-06-29,-50.0,-14.0,-86.0,-22.0,-13.0,15.0
60427,Maipú Department,2020-06-30,-49.0,-5.0,-88.0,-21.0,-12.0,15.0
60428,Maipú Department,2020-07-01,-49.0,-7.0,-87.0,-19.0,-13.0,16.0
60429,Maipú Department,2020-07-02,-49.0,-2.0,-86.0,-18.0,-13.0,16.0
60430,Maipú Department,2020-07-03,-49.0,-3.0,-87.0,-16.0,-11.0,16.0
60431,Maipú Department,2020-07-04,-55.0,-8.0,-90.0,-27.0,-8.0,17.0
60432,Maipú Department,2020-07-05,-59.0,-6.0,-87.0,-20.0,3.0,15.0
60433,Maipú Department,2020-07-06,-49.0,-9.0,-87.0,-24.0,-15.0,15.0
60434,Maipú Department,2020-07-07,-46.0,0.0,-86.0,-17.0,-12.0,14.0
60435,Maipú Department,2020-07-08,-43.0,7.0,-86.0,-13.0,-12.0,14.0
60436,Maipú Department,2020-07-09,-69.0,-23.0,-86.0,-32.0,-56.0,24.0
60437,Maipú Department,2020-07-10,-61.0,-12.0,-88.0,-29.0,-46.0,24.0
60438,Maipú Department,2020-07-11,-49.0,0.0,-86.0,-20.0,-7.0,16.0
60439,Maipú Department,2020-07-12,-60.0,-12.0,-86.0,-17.0,3.0,14.0
60440,Maipú Department,2020-07-13,-47.0,-8.0,-86.0,-19.0,-15.0,14.0
60441,Maipú Department,2020-07-14,-44.0,-4.0,-83.0,-14.0,-13.0,14.0
60442,Maipú Department,2020-07-15,-44.0,0.0,-80.0,-13.0,-13.0,15.0
60443,Maipú Department,2020-07-16,-45.0,-1.0,-79.0,-15.0,-13.0,15.0
60444,Maipú Department,2020-07-17,-46.0,-1.0,-81.0,-17.0,-12.0,17.0
60445,Maipú Department,2020-07-18,-44.0,0.0,-81.0,-16.0,-3.0,16.0
60446,Maipú Department,2020-07-19,-50.0,-5.0,-79.0,-13.0,3.0,14.0
60447,Maipú Department,2020-07-20,-37.0,-3.0,-77.0,-9.0,-11.0,12.0
60448,Maipú Department,2020-07-21,-49.0,-10.0,-85.0,-24.0,-17.0,16.0
60449,Maipú Department,2020-07-22,-53.0,-16.0,-88.0,-31.0,-19.0,18.0
60450,Maipú Department,2020-07-23,-49.0,-5.0,-83.0,-21.0,-15.0,17.0
60451,Maipú Department,2020-07-24,-48.0,-5.0,-83.0,-22.0,-13.0,18.0
60452,Maipú Department,2020-07-25,-51.0,-4.0,-80.0,-21.0,-19.0,18.0
60453,Maipú Department,2020-07-26,-52.0,-8.0,-79.0,-18.0,2.0,16.0
60454,Maipú Department,2020-07-27,-44.0,-10.0,-80.0,-18.0,-16.0,14.0
60455,Maipú Department,2020-07-28,-43.0,-6.0,-80.0,-18.0,-14.0,15.0
60456,Maipú Department,2020-07-29,-45.0,-8.0,-78.0,-17.0,-16.0,15.0
60457,Maipú Department,2020-07-30,-44.0,-4.0,-79.0,-18.0,-16.0,16.0
60458,Maipú Department,2020-07-31,-44.0,-2.0,-79.0,-16.0,-14.0,17.0
60459,Maipú Department,2020-08-01,-43.0,5.0,-79.0,-17.0,-4.0,15.0
60460,Maipú Department,2020-08-02,-50.0,-1.0,-78.0,-13.0,3.0,14.0
60461,Maipú Department,2020-08-03,-41.0,-8.0,-75.0,-16.0,-15.0,14.0
60462,Maipú Department,2020-08-04,-44.0,-3.0,-77.0,-17.0,-15.0,15.0
60463,Maipú Department,2020-08-05,-41.0,-1.0,-78.0,-15.0,-15.0,15.0
60464,Maipú Department,2020-08-06,-45.0,3.0,-81.0,-19.0,-16.0,16.0
60465,Maipú Department,2020-08-07,-44.0,0.0,-79.0,-16.0,-14.0,17.0
60466,Maipú Department,2020-08-08,-41.0,7.0,-78.0,-14.0,-4.0,16.0
60467,Maipú Department,2020-08-09,-50.0,-2.0,-75.0,-21.0,-4.0,17.0
60468,Maipú Department,2020-08-10,-36.0,2.0,-75.0,-10.0,-14.0,14.0
60469,Maipú Department,2020-08-11,-39.0,0.0,-79.0,-15.0,-15.0,15.0
60470,Maipú Department,2020-08-12,-40.0,3.0,-78.0,-14.0,-15.0,15.0
60471,Maipú Department,2020-08-13,-38.0,9.0,-78.0,-14.0,-14.0,15.0
60472,Maipú Department,2020-08-14,-39.0,10.0,-80.0,-12.0,-13.0,17.0
60473,Maipú Department,2020-08-15,-32.0,20.0,-78.0,-7.0,-2.0,15.0
60474,Maipú Department,2020-08-16,-41.0,11.0,-76.0,-7.0,7.0,15.0
60475,Maipú Department,2020-08-17,-62.0,-27.0,-70.0,-28.0,-60.0,21.0
60476,Maipú Department,2020-08-18,-38.0,-1.0,-78.0,-16.0,-14.0,14.0
60477,Maipú Department,2020-08-19,-45.0,-7.0,-82.0,-24.0,-18.0,17.0
60478,Maipú Department,2020-08-20,-39.0,3.0,-79.0,-16.0,-15.0,16.0
60479,Maipú Department,2020-08-21,-40.0,2.0,-78.0,-15.0,-14.0,17.0
60480,Maipú Department,2020-08-22,-38.0,8.0,-76.0,-14.0,-3.0,16.0
60481,Maipú Department,2020-08-23,-46.0,1.0,-74.0,-18.0,-4.0,16.0
60482,Maipú Department,2020-08-24,-34.0,-7.0,-71.0,-12.0,-15.0,14.0
60483,Maipú Department,2020-08-25,-35.0,-2.0,-76.0,-13.0,-16.0,15.0
60484,Maipú Department,2020-08-26,-38.0,-2.0,-77.0,-19.0,-16.0,16.0
60485,Maipú Department,2020-08-27,-32.0,3.0,-75.0,-14.0,-15.0,16.0
60486,Maipú Department,2020-08-28,-32.0,2.0,-76.0,-18.0,-14.0,17.0
60487,Maipú Department,2020-08-29,-30.0,11.0,-78.0,-19.0,-6.0,16.0
60488,Maipú Department,2020-08-30,-38.0,3.0,-74.0,-22.0,-9.0,17.0
60489,Maipú Department,2020-08-31,-27.0,1.0,-72.0,-14.0,-17.0,14.0
60490,Maipú Department,2020-09-01,-29.0,5.0,-76.0,-15.0,-17.0,15.0
60491,Maipú Department,2020-09-02,-27.0,3.0,-74.0,-18.0,-18.0,16.0
60492,Maipú Department,2020-09-03,-30.0,6.0,-75.0,-19.0,-20.0,17.0
60493,Maipú Department,2020-09-04,-30.0,5.0,-76.0,-19.0,-19.0,18.0
60494,Maipú Department,2020-09-05,-25.0,14.0,-76.0,-22.0,-10.0,17.0
60495,Maipú Department,2020-09-06,-36.0,10.0,-74.0,-25.0,-13.0,18.0
